feedback_id,student_text,label,aspect,stress_level,sentiment,urgency
STU_2053,"Teaching assistants took over a month to return our graded homework, leaving us blind for midterms.",Frustration,Support,5,Negative,High
STU_1925,"Teaching assistants took over a month to return our graded homework, leaving us blind for midterms.",Frustration,Support,5,Negative,High
STU_1554,Reference materials are available in the university library reserve section.,Neutral,Library/Resources,2,Neutral,Low
STU_2438,Too many mandatory group meetings and simultaneous milestone submissions this month.,Overload,Workload,5,Negative,High
STU_1801,There is no practice final evaluation provided despite repeated requests from students.,Frustration,Examination,2,Negative,Low
STU_1424,Lab sessions are held every Thursday afternoon for two hours.,Neutral,Lab Work,2,Neutral,Low
STU_1777,We were tested on material that was never discussed in class or assigned in readings.,Frustration,Examination,4,Negative,High
STU_1681,Emails sent to the course instructor are routinely ignored for weeks.,Frustration,Support,5,Negative,High
STU_1755,Emails sent to the course instructor are routinely ignored for weeks.,Frustration,Support,5,Negative,High
STU_1571,The course syllabus was distributed on the first day of class as scheduled.,Neutral,Course Content,2,Neutral,Low
STU_2482,The constant pressure and harsh grading have completely destroyed my mental health this term.,High Stress,Mental Well-being,4,Negative,High
STU_1923,Lecture slides are just copied directly from the textbook with zero additional explanation.,Frustration,Teaching,3,Negative,Medium
STU_1145,"Feedback on homework was detailed and constructive, helping me improve each week.",Positive,Teaching,2,Positive,Low
STU_2318,Continuous back-to-back assignments leave zero breathing room for revision or proper understanding.,Overload,Workload,4,Negative,High
STU_2467,Each problem set takes over 25 hours to complete; there is no time left for other courses.,Overload,Workload,4,Negative,High
STU_2235,We are assigned new complex chapters right during midterms week with no extension.,Overload,Workload,5,Negative,High
STU_1294,"The exam was not difficult; in fact, it was very fair and well designed.",Positive,Examination,1,Positive,Low
STU_1359,Office hours were incredibly encouraging. The teaching assistants always took time to help us debug.,Positive,Support,1,Positive,Low
STU_1984,Office hour queues are two hours long and TA runs out of time before seeing half the students.,Frustration,Support,4,Negative,High
STU_2863,I haven't slept properly in two weeks and feel like breaking down crying every single day.,High Stress,Mental Well-being,5,Negative,High
STU_1816,Office hour queues are two hours long and TA runs out of time before seeing half the students.,Frustration,Support,4,Negative,High
STU_2691,I am having severe anxiety and panic attacks because of the upcoming final exam.,High Stress,Mental Well-being,5,Negative,High
STU_1721,I am not happy with how disorganized the professor is with homework deadlines.,Frustration,Course Content,3,Negative,Medium
STU_1533,Lab sessions are held every Thursday afternoon for two hours.,Neutral,Lab Work,2,Neutral,Low
STU_1827,Emails sent to the course instructor are routinely ignored for weeks.,Frustration,Support,3,Negative,Medium
STU_1817,The online submission portal crashed right before the assignment deadline.,Frustration,Support,3,Negative,Medium
STU_1658,"The final grade consists of 40% assignments, 30% midterm, and 30% final exam.",Neutral,Examination,3,Neutral,Medium
STU_1271,"The exam was not tough; in fact, it was very fair and well designed.",Positive,Examination,1,Positive,Low
STU_2720,I feel suffocated by academic deadlines; I don't know who to talk to and feel totally alone.,High Stress,Mental Well-being,5,Negative,High
STU_3074,Skipped the last three assignments because the mental hurdle of starting felt pointless.,Disengagement,Engagement,5,Negative,High
STU_1243,The textbook recommendations and supplementary reading lists were top-notch.,Positive,Library/Resources,1,Positive,Low
STU_1791,We were tested on material that was never discussed in class or assigned in readings.,Frustration,Examination,3,Negative,Medium
STU_2529,I feel completely overwhelmed and hopeless about passing this course despite studying constantly.,High Stress,Mental Well-being,4,Negative,High
STU_1932,Office hour queues are two hours long and TA runs out of time before seeing half the students.,Frustration,Support,3,Negative,Medium
STU_1878,There is no practice exam provided despite repeated requests from students.,Frustration,Examination,2,Negative,Low
STU_2549,I am having severe anxiety and panic attacks because of the upcoming final midterm.,High Stress,Mental Well-being,4,Negative,High
STU_3014,I have completely lost motivation and stopped attending lectures because nothing makes sense.,Disengagement,Engagement,3,Negative,Medium
STU_1808,The pace of the class is erratic—rushing through hardest topics in the last ten minutes.,Frustration,Teaching,4,Negative,High
STU_1374,I really enjoyed the hands-on lab sessions this semester; they made theoretical concepts easy to grasp.,Positive,Lab Work,1,Positive,Low
STU_1136,"Loved the practical coding assignments, they gave me confidence for upcoming software internships.",Positive,Course Content,1,Positive,Low
STU_2671,The academic dread is so intense that I cannot concentrate on anything anymore.,High Stress,Mental Well-being,5,Negative,High
STU_2009,I am definitely not happy with the way this midterm was graded.,Frustration,Examination,4,Negative,High
STU_3013,"Just going through the motions to get a passing grade, zero actual learning or interest.",Disengagement,Engagement,1,Negative,Low
STU_1366,The campus study spaces and library resources made exam preparation much smoother.,Positive,Library/Resources,1,Positive,Low
STU_1668,Lab sessions are held every Thursday afternoon for two hours.,Neutral,Lab Work,1,Neutral,Low
STU_2737,I feel completely overwhelmed and hopeless about passing this course despite studying constantly.,High Stress,Mental Well-being,5,Negative,High
STU_1095,Excellent balance between theoretical mathematics and practical engineering applications.,Positive,Course Content,2,Positive,Low
STU_1464,The course prerequisite list includes calculus and introductory programming.,Neutral,Course Content,2,Neutral,Low
STU_2866,I am having severe anxiety and panic attacks because of the upcoming final exam.,High Stress,Mental Well-being,5,Negative,High
STU_3085,Lectures are so boring and uninspired that everyone just browses their phones in silence.,Disengagement,Engagement,1,Negative,Low
STU_2258,The weekly reading workload exceeds 150 pages of dense academic papers on top of coding labs.,Overload,Workload,4,Negative,High
STU_2109,Having three heavy project deadlines and two midterms in the exact same 48 hours is impossible.,Overload,Workload,4,Negative,High
STU_2757,I feel like an absolute failure who cannot keep up with anyone in this department.,High Stress,Mental Well-being,5,Negative,High
STU_1561,Textbook chapter summaries are provided at the end of each slide deck.,Neutral,Course Content,2,Neutral,Low
STU_1077,The professor is extremely approachable and responds to student emails within hours.,Positive,Support,1,Positive,Low
STU_1232,Group assignments encouraged great teamwork and problem-solving skills.,Positive,Course Content,1,Positive,Low
STU_2073,I cannot understand why the grading took four weeks without any updates.,Frustration,Support,4,Negative,High
STU_1849,Lecture slides are just copied directly from the textbook with zero additional explanation.,Frustration,Teaching,3,Negative,Medium
STU_2189,Too many mandatory group meetings and simultaneous milestone submissions this month.,Overload,Workload,4,Negative,High
STU_1980,The pace of the class is erratic—rushing through hardest topics in the last ten minutes.,Frustration,Teaching,4,Negative,High
STU_2558,I feel like an absolute failure who cannot keep up with anyone in this department.,High Stress,Mental Well-being,5,Negative,High
STU_1319,The campus study spaces and library resources made exam preparation much smoother.,Positive,Library/Resources,1,Positive,Low
STU_2359,Having three heavy project deadlines and two midterms in the exact same 48 hours is impossible.,Overload,Workload,4,Negative,High
STU_1542,The course prerequisite list includes calculus and introductory programming.,Neutral,Course Content,2,Neutral,Low
STU_1838,I am not happy with how disorganized the instructor is with homework deadlines.,Frustration,Course Content,4,Negative,High
STU_1563,The midterm exam covered chapters 1 through 5 of the textbook.,Neutral,Examination,4,Neutral,High
STU_1500,The course syllabus was distributed on the first day of class as scheduled.,Neutral,Course Content,3,Neutral,Medium
STU_2781,I am experiencing chest tightness and insomnia every time I think about my GPA.,High Stress,Mental Well-being,5,Negative,High
STU_2310,The workload in this 3-credit curriculum feels like a full-time 12-credit program.,Overload,Workload,5,Negative,High
STU_3069,"Just going through the motions to get a passing grade, zero actual learning or interest.",Disengagement,Engagement,3,Negative,Medium
STU_3031,Nobody in our study group cares anymore; we have all checked out mentally.,Disengagement,Engagement,3,Negative,Medium
STU_2466,Continuous back-to-back assignments leave zero breathing room for revision or proper understanding.,Overload,Workload,4,Negative,High
STU_1615,The course syllabus was distributed on the first day of class as scheduled.,Neutral,Course Content,3,Neutral,Medium
STU_2119,The weekly reading workload exceeds 150 pages of dense academic papers on top of coding labs.,Overload,Workload,5,Negative,High
STU_1309,Group assignments encouraged great teamwork and problem-solving skills.,Positive,Course Content,1,Positive,Low
STU_1063,Very engaging teaching style! Kept all students motivated even during morning lectures.,Positive,Teaching,2,Positive,Low
STU_1237,The campus study spaces and library resources made exam preparation much smoother.,Positive,Library/Resources,1,Positive,Low
STU_1057,The campus study spaces and library resources made exam preparation much smoother.,Positive,Library/Resources,1,Positive,Low
STU_2493,I haven't slept properly in two weeks and feel like breaking down crying every single day.,High Stress,Mental Well-being,5,Negative,High
STU_1006,The professor explains complex algorithms with great clarity and patience.,Positive,Teaching,1,Positive,Low
STU_1427,The midterm exam covered chapters 1 through 5 of the textbook.,Neutral,Examination,3,Neutral,Medium
STU_1987,Students are not happy with the sudden change in exam format.,Frustration,Examination,3,Negative,Medium
STU_2917,Skipped the last three assignments because the mental hurdle of starting felt pointless.,Disengagement,Engagement,3,Negative,Medium
STU_1082,I do not feel stressed anymore thanks to the clear explanations in class.,Positive,Teaching,1,Positive,Low
STU_1270,I am not stressed at all because the professor provided excellent prep materials.,Positive,Teaching,1,Positive,Low
STU_2086,Five different assignments due on Sunday night while working part-time is completely unsustainable.,Overload,Workload,5,Negative,High
STU_1722,Lecture slides are just copied directly from the textbook with zero additional explanation.,Frustration,Teaching,3,Negative,Medium
STU_2218,The sheer volume of homework prevents me from sleeping more than four hours a night.,Overload,Workload,4,Negative,High
STU_1762,The pace of the class is erratic—rushing through hardest topics in the last ten minutes.,Frustration,Teaching,3,Negative,Medium
STU_1605,Weekly attendance is tracked using the digital portal at the start of class.,Neutral,Teaching,1,Neutral,Low
STU_2297,The workload in this 3-credit course feels like a full-time 12-credit program.,Overload,Workload,5,Negative,High
STU_2623,I feel suffocated by academic deadlines; I don't know who to talk to and feel totally alone.,High Stress,Mental Well-being,5,Negative,High
STU_1687,The online submission portal crashed right before the problem set deadline.,Frustration,Support,4,Negative,High
STU_2143,Five different assignments due on Sunday night while working part-time is completely unsustainable.,Overload,Workload,5,Negative,High
STU_1373,"Loved the practical coding assignments, they gave me confidence for upcoming software internships.",Positive,Course Content,1,Positive,Low
STU_2564,I am experiencing chest tightness and insomnia every time I think about my GPA.,High Stress,Mental Well-being,5,Negative,High
STU_1327,The professor is extremely approachable and responds to student emails within hours.,Positive,Support,1,Positive,Low
STU_2573,I haven't slept properly in two weeks and feel like breaking down crying every single day.,High Stress,Mental Well-being,5,Negative,High
STU_2364,The weekly reading workload exceeds 150 pages of dense academic papers on top of coding labs.,Overload,Workload,4,Negative,High
STU_1068,I really enjoyed the hands-on lab sessions this semester; they made theoretical concepts easy to grasp.,Positive,Lab Work,1,Positive,Low
STU_2343,Impossible expectations: coding an entire web app from scratch in 3 days with no starter code.,Overload,Workload,5,Negative,High
STU_1435,The schedule for office hours was updated on the main dashboard.,Neutral,Support,1,Neutral,Low
STU_1853,Lab equipment is outdated and half the software licenses are expired.,Frustration,Lab Work,4,Negative,High
STU_1591,Lectures are recorded and uploaded to the student portal within 24 hours.,Neutral,Support,3,Neutral,Medium
STU_2392,Five different assignments due on Sunday night while working part-time is completely unsustainable.,Overload,Workload,5,Negative,High
STU_1534,Lab sessions are held every Thursday afternoon for two hours.,Neutral,Lab Work,2,Neutral,Low
STU_2448,The workload in this 3-credit curriculum feels like a full-time 12-credit program.,Overload,Workload,5,Negative,High
STU_2203,Five different assignments due on Sunday night while working part-time is completely unsustainable.,Overload,Workload,5,Negative,High
STU_1190,Group assignments encouraged great teamwork and problem-solving skills.,Positive,Course Content,2,Positive,Low
STU_2985,I have completely lost motivation and stopped attending lectures because nothing makes sense.,Disengagement,Engagement,3,Negative,Medium
STU_2897,I feel completely detached from this subject; I'm just guessing on quizzes to get it over with.,Disengagement,Engagement,2,Negative,Low
STU_2424,Each problem set takes over 25 hours to complete; there is no time left for other courses.,Overload,Workload,5,Negative,High
STU_2910,Nobody in our study group cares anymore; we have all checked out mentally.,Disengagement,Engagement,3,Negative,Medium
STU_2341,The sheer volume of homework prevents me from sleeping more than four hours a night.,Overload,Workload,5,Negative,High
STU_2351,We are assigned new complex chapters right during midterms week with no extension.,Overload,Workload,3,Negative,Medium
STU_2818,I am experiencing chest tightness and insomnia every time I think about my GPA.,High Stress,Mental Well-being,4,Negative,High
STU_2504,I haven't slept properly in two weeks and feel like breaking down crying every single day.,High Stress,Mental Well-being,4,Negative,High
STU_1641,Homework is submitted via the online learning management system by Sunday midnight.,Neutral,Course Content,3,Neutral,Medium
STU_1458,Weekly attendance is tracked using the digital portal at the start of class.,Neutral,Teaching,2,Neutral,Low
STU_1164,Curriculum materials and lecture slides are well structured and easy to follow.,Positive,Course Content,1,Positive,Low
STU_1883,Students are not happy with the sudden change in exam format.,Frustration,Examination,4,Negative,High
STU_1972,We were tested on material that was never discussed in class or assigned in readings.,Frustration,Examination,4,Negative,High
STU_1434,"The final grade consists of 40% assignments, 30% midterm, and 30% final exam.",Neutral,Examination,2,Neutral,Low
STU_1626,Homework is submitted via the online learning management system by Sunday midnight.,Neutral,Course Content,3,Neutral,Medium
STU_2480,The workload in this 3-credit course feels like a full-time 12-credit program.,Overload,Workload,4,Negative,High
STU_2128,The sheer volume of homework prevents me from sleeping more than four hours a night.,Overload,Workload,4,Negative,High
STU_2804,Failing this exam will cost me my scholarship and visa; the stress is paralyzing me.,High Stress,Mental Well-being,5,Negative,High
STU_1916,Students are not happy with the sudden change in test format.,Frustration,Examination,4,Negative,High
STU_2926,I don't even bother opening the textbook anymore because the subject feels so irrelevant.,Disengagement,Engagement,3,Negative,Medium
STU_2663,The constant pressure and harsh grading have completely destroyed my mental health this term.,High Stress,Mental Well-being,4,Negative,High
STU_2649,I haven't slept properly in two weeks and feel like breaking down crying every single day.,High Stress,Mental Well-being,4,Negative,High
STU_1752,Students are not happy with the sudden change in exam format.,Frustration,Examination,4,Negative,High
STU_2773,I am experiencing chest tightness and insomnia every time I think about my GPA.,High Stress,Mental Well-being,5,Negative,High
STU_1843,Office hour queues are two hours long and TA runs out of time before seeing half the students.,Frustration,Support,5,Negative,High
STU_3035,"Just going through the motions to get a passing grade, zero actual learning or interest.",Disengagement,Engagement,3,Negative,Medium
STU_2617,Severe burnout and depression are making it impossible to even get out of bed for class.,High Stress,Mental Well-being,5,Negative,High
STU_2746,Severe burnout and depression are making it impossible to even get out of bed for class.,High Stress,Mental Well-being,5,Negative,High
STU_3057,I have completely lost motivation and stopped attending lectures because nothing makes sense.,Disengagement,Engagement,3,Negative,Medium
STU_3080,I have completely lost motivation and stopped attending lectures because nothing makes sense.,Disengagement,Engagement,3,Negative,Medium
STU_1315,Excellent balance between theoretical mathematics and practical engineering applications.,Positive,Course Content,3,Positive,Medium
STU_2377,Too many mandatory group meetings and simultaneous milestone submissions this month.,Overload,Workload,5,Negative,High
STU_3006,I don't even bother opening the textbook anymore because the course feels so irrelevant.,Disengagement,Engagement,3,Negative,Medium
STU_1772,Students are not happy with the sudden change in exam format.,Frustration,Examination,4,Negative,High
STU_1785,The professor reads monotone slides without ever looking up or answering chat questions.,Frustration,Teaching,3,Negative,Medium
STU_1831,The grading criteria for the term paper were super vague and subjective.,Frustration,Examination,3,Negative,Medium
STU_2703,The constant pressure and harsh grading have completely destroyed my mental health this term.,High Stress,Mental Well-being,4,Negative,High
STU_2642,I feel completely overwhelmed and hopeless about passing this course despite studying constantly.,High Stress,Mental Well-being,4,Negative,High
STU_2701,Failing this final evaluation will cost me my scholarship and visa; the stress is paralyzing me.,High Stress,Mental Well-being,5,Negative,High
STU_1494,Lab sessions are held every Thursday afternoon for two hours.,Neutral,Lab Work,2,Neutral,Low
STU_1704,The pace of the class is erratic—rushing through hardest topics in the last ten minutes.,Frustration,Teaching,5,Negative,High
STU_2381,Continuous back-to-back assignments leave zero breathing room for revision or proper understanding.,Overload,Workload,3,Negative,Medium
STU_2049,The professor reads monotone slides without ever looking up or answering chat questions.,Frustration,Teaching,3,Negative,Medium
STU_1032,I am not overwhelmed at all now that the TA helped clarify the project roadmap.,Positive,Support,1,Positive,Low
STU_2165,Too many mandatory group meetings and simultaneous milestone submissions this month.,Overload,Workload,4,Negative,High
STU_1977,Office hour queues are two hours long and TA runs out of time before seeing half the students.,Frustration,Support,4,Negative,High
STU_2170,Each problem set takes over 25 hours to complete; there is no time left for other courses.,Overload,Workload,5,Negative,High
STU_1957,There is no practice exam provided despite repeated requests from students.,Frustration,Examination,4,Negative,High
STU_1608,Homework is submitted via the online learning management system by Sunday midnight.,Neutral,Course Content,3,Neutral,Medium
STU_1493,The subject prerequisite list includes calculus and introductory programming.,Neutral,Course Content,1,Neutral,Low
STU_3010,I feel completely detached from this subject; I'm just guessing on quizzes to get it over with.,Disengagement,Engagement,4,Negative,High
STU_2891,Nobody in our study group cares anymore; we have all checked out mentally.,Disengagement,Engagement,3,Negative,Medium
STU_1266,I do not feel stressed anymore thanks to the clear explanations in class.,Positive,Teaching,2,Positive,Low
STU_2822,I am experiencing chest tightness and insomnia every time I think about my GPA.,High Stress,Mental Well-being,5,Negative,High
STU_1556,The course syllabus was distributed on the first day of class as scheduled.,Neutral,Course Content,1,Neutral,Low
STU_1016,Brilliant lectures! Teacher always connects academic theories with real-world industry case studies.,Positive,Teaching,2,Positive,Low
STU_2281,The weekly reading workload exceeds 150 pages of dense academic papers on top of coding labs.,Overload,Workload,5,Negative,High
STU_3048,Nobody in our study group cares anymore; we have all checked out mentally.,Disengagement,Engagement,3,Negative,Medium
STU_2076,Lab equipment is outdated and half the software licenses are expired.,Frustration,Lab Work,3,Negative,Medium
STU_2624,The academic dread is so intense that I cannot concentrate on anything anymore.,High Stress,Mental Well-being,5,Negative,High
STU_1116,Very engaging teaching style! Kept all students motivated even during morning lectures.,Positive,Teaching,2,Positive,Low
STU_1775,The grading criteria for the term paper were extremely vague and subjective.,Frustration,Examination,4,Negative,High
STU_2330,Too many mandatory group meetings and simultaneous milestone submissions this month.,Overload,Workload,4,Negative,High
STU_1354,"The exam was not tough; in fact, it was very fair and well designed.",Positive,Examination,1,Positive,Low
STU_1538,Reference materials are available in the university library reserve section.,Neutral,Library/Resources,2,Neutral,Low
STU_2644,Severe burnout and depression are making it impossible to even get out of bed for class.,High Stress,Mental Well-being,5,Negative,High
STU_2475,Having three heavy project deadlines and two midterms in the exact same 48 hours is impossible.,Overload,Workload,3,Negative,Medium
STU_1979,The pace of the class is erratic—rushing through hardest topics in the last ten minutes.,Frustration,Teaching,4,Negative,High
STU_1701,I cannot understand why the grading took four weeks without any updates.,Frustration,Support,4,Negative,High
STU_1516,The midterm exam covered chapters 1 through 5 of the textbook.,Neutral,Examination,3,Neutral,Medium
STU_1553,The midterm exam covered chapters 1 through 5 of the textbook.,Neutral,Examination,2,Neutral,Low
STU_1821,Emails sent to the course instructor are routinely ignored for weeks.,Frustration,Support,3,Negative,Medium
STU_1811,The pace of the class is erratic—rushing through hardest topics in the last ten minutes.,Frustration,Teaching,4,Negative,High
STU_2155,The sheer volume of homework prevents me from sleeping more than four hours a night.,Overload,Workload,4,Negative,High
STU_1918,Students are not happy with the sudden change in exam format.,Frustration,Examination,4,Negative,High
STU_2111,Impossible expectations: coding an entire web app from scratch in 3 days with no starter code.,Overload,Workload,5,Negative,High
STU_2810,I feel like an absolute failure who cannot keep up with anyone in this department.,High Stress,Mental Well-being,5,Negative,High
STU_2373,Too many mandatory group meetings and simultaneous milestone submissions this month.,Overload,Workload,4,Negative,High
STU_1431,The class syllabus was distributed on the first day of class as scheduled.,Neutral,Course Content,1,Neutral,Low
STU_1025,I am not overwhelmed at all now that the TA helped clarify the project roadmap.,Positive,Support,1,Positive,Low
STU_1001,Class materials and lecture slides are well structured and easy to follow.,Positive,Course Content,1,Positive,Low
STU_2523,I feel like an absolute failure who cannot keep up with anyone in this department.,High Stress,Mental Well-being,4,Negative,High
STU_1044,Very engaging teaching style! Kept all students motivated even during morning lectures.,Positive,Teaching,1,Positive,Low
STU_2296,The workload in this 3-credit course feels like a full-time 12-credit program.,Overload,Workload,5,Negative,High
STU_1663,The course prerequisite list includes calculus and introductory programming.,Neutral,Course Content,2,Neutral,Low
STU_1255,I am not stressed at all because the professor provided excellent prep materials.,Positive,Teaching,1,Positive,Low
STU_1991,I am not happy with how disorganized the professor is with homework deadlines.,Frustration,Course Content,5,Negative,High
STU_2729,The constant pressure and harsh grading have completely destroyed my mental health this term.,High Stress,Mental Well-being,4,Negative,High
STU_1682,Lab equipment is outdated and half the software licenses are expired.,Frustration,Lab Work,4,Negative,High
STU_1612,The schedule for office hours was updated on the main dashboard.,Neutral,Support,3,Neutral,Medium
STU_2715,The academic dread is so intense that I cannot concentrate on anything anymore.,High Stress,Mental Well-being,5,Negative,High
STU_2354,Five different assignments due on Sunday night while working part-time is completely unsustainable.,Overload,Workload,5,Negative,High
STU_1447,Lectures are recorded and uploaded to the student portal within 24 hours.,Neutral,Support,3,Neutral,Medium
STU_2252,Five different assignments due on Sunday night while working part-time is completely unsustainable.,Overload,Workload,5,Negative,High
STU_1492,Reference materials are available in the university library reserve section.,Neutral,Library/Resources,2,Neutral,Low
STU_2222,Having three heavy project deadlines and two midterms in the exact same 48 hours is impossible.,Overload,Workload,5,Negative,High
STU_1848,I cannot understand why the grading took four weeks without any updates.,Frustration,Support,4,Negative,High
STU_2102,Five different assignments due on Sunday night while working part-time is completely unsustainable.,Overload,Workload,5,Negative,High
STU_3001,I gave up trying to understand the proofs weeks ago; there is no support available.,Disengagement,Engagement,4,Negative,High
STU_1610,Textbook chapter summaries are provided at the end of each slide deck.,Neutral,Course Content,2,Neutral,Low
STU_3038,I feel completely detached from this subject; I'm just guessing on quizzes to get it over with.,Disengagement,Engagement,3,Negative,Medium
STU_2357,Too many mandatory group meetings and simultaneous milestone submissions this month.,Overload,Workload,5,Negative,High
STU_2875,The constant pressure and harsh grading have completely destroyed my mental health this term.,High Stress,Mental Well-being,5,Negative,High
STU_1229,The campus study spaces and library resources made exam preparation much smoother.,Positive,Library/Resources,2,Positive,Low
STU_1290,The weekly quizzes gave immediate feedback that helped me stay on track throughout the term.,Positive,Examination,1,Positive,Low
STU_2127,The workload in this 3-credit course feels like a full-time 12-credit program.,Overload,Workload,5,Negative,High
STU_1137,The weekly quizzes gave immediate feedback that helped me stay on track throughout the term.,Positive,Examination,3,Positive,Medium
STU_2061,Office hour queues are two hours long and TA runs out of time before seeing half the students.,Frustration,Support,3,Negative,Medium
STU_2120,Continuous back-to-back assignments leave zero breathing room for revision or proper understanding.,Overload,Workload,4,Negative,High
STU_1178,I do not feel stressed anymore thanks to the clear explanations in class.,Positive,Teaching,1,Positive,Low
STU_2524,The constant pressure and harsh grading have completely destroyed my mental health this term.,High Stress,Mental Well-being,5,Negative,High
STU_1499,The course prerequisite list includes calculus and introductory programming.,Neutral,Course Content,3,Neutral,Medium
STU_1649,Lectures are recorded and uploaded to the student portal within 24 hours.,Neutral,Support,1,Neutral,Low
STU_1371,I am not overwhelmed at all now that the TA helped clarify the project roadmap.,Positive,Support,1,Positive,Low
STU_1488,Homework is submitted via the online learning management system by Sunday midnight.,Neutral,Course Content,4,Neutral,High
STU_2545,The constant pressure and harsh grading have completely destroyed my mental health this term.,High Stress,Mental Well-being,5,Negative,High
STU_1750,The pace of the class is erratic—rushing through hardest topics in the last ten minutes.,Frustration,Teaching,4,Negative,High
STU_1669,The schedule for office hours was updated on the main dashboard.,Neutral,Support,1,Neutral,Low
STU_1832,I cannot understand why the grading took four weeks without any updates.,Frustration,Support,5,Negative,High
STU_1151,"Feedback on homework was detailed and constructive, helping me improve each week.",Positive,Teaching,2,Positive,Low
STU_1982,Office hour queues are two hours long and TA runs out of time before seeing half the students.,Frustration,Support,4,Negative,High
STU_1444,Textbook chapter summaries are provided at the end of each slide deck.,Neutral,Course Content,2,Neutral,Low
STU_2196,Each problem set takes over 25 hours to complete; there is no time left for other courses.,Overload,Workload,5,Negative,High
STU_2212,Each problem set takes over 25 hours to complete; there is no time left for other courses.,Overload,Workload,5,Negative,High
STU_1836,Office hour queues are two hours long and TA runs out of time before seeing half the students.,Frustration,Support,5,Negative,High
STU_1727,Lab equipment is outdated and half the software licenses are expired.,Frustration,Lab Work,3,Negative,Medium
STU_2194,Impossible expectations: coding an entire web app from scratch in 3 days with no starter code.,Overload,Workload,4,Negative,High
STU_1264,Group assignments encouraged great teamwork and problem-solving skills.,Positive,Course Content,2,Positive,Low
STU_2722,I am experiencing chest tightness and insomnia every time I think about my GPA.,High Stress,Mental Well-being,4,Negative,High
STU_1042,The grading rubric was transparent and fair for all midterm projects.,Positive,Examination,2,Positive,Low
STU_2953,"Just going through the motions to get a passing grade, zero actual learning or interest.",Disengagement,Engagement,3,Negative,Medium
STU_1887,The online submission portal crashed right before the assignment deadline.,Frustration,Support,5,Negative,High
STU_1149,I really enjoyed the hands-on lab sessions this semester; they made theoretical concepts easy to grasp.,Positive,Lab Work,1,Positive,Low
STU_2588,I feel like an absolute failure who cannot keep up with anyone in this department.,High Stress,Mental Well-being,5,Negative,High
STU_2255,Too many mandatory group meetings and simultaneous milestone submissions this month.,Overload,Workload,4,Negative,High
STU_1644,Homework is submitted via the online learning management system by Sunday midnight.,Neutral,Course Content,3,Neutral,Medium
STU_1285,The lecturer explains complex algorithms with great clarity and patience.,Positive,Teaching,1,Positive,Low
STU_2597,I feel completely overwhelmed and hopeless about passing this curriculum despite studying constantly.,High Stress,Mental Well-being,5,Negative,High
STU_1954,"Teaching assistants took over a month to return our graded homework, leaving us blind for midterms.",Frustration,Support,4,Negative,High
STU_1117,"The final evaluation was not difficult; in fact, it was very fair and well designed.",Positive,Examination,1,Positive,Low
STU_1574,"The final grade consists of 40% assignments, 30% midterm, and 30% final test.",Neutral,Examination,4,Neutral,High
STU_2526,I am experiencing chest tightness and insomnia every time I think about my GPA.,High Stress,Mental Well-being,5,Negative,High
STU_1873,Confusing instructions on the final project caused our entire group to lose points unfairly.,Frustration,Course Content,4,Negative,High
STU_2977,Lectures are so boring and uninspired that everyone just browses their phones in silence.,Disengagement,Engagement,3,Negative,Medium
STU_2519,Severe burnout and depression are making it impossible to even get out of bed for class.,High Stress,Mental Well-being,4,Negative,High
STU_1788,The professor reads monotone slides without ever looking up or answering chat questions.,Frustration,Teaching,4,Negative,High
STU_2787,The academic dread is so intense that I cannot concentrate on anything anymore.,High Stress,Mental Well-being,5,Negative,High
STU_3054,Nobody in our study group cares anymore; we have all checked out mentally.,Disengagement,Engagement,4,Negative,High
STU_3076,Skipped the last three assignments because the mental hurdle of starting felt pointless.,Disengagement,Engagement,4,Negative,High
STU_3055,I don't even bother opening the textbook anymore because the course feels so irrelevant.,Disengagement,Engagement,4,Negative,High
STU_2077,Lecture slides are just copied directly from the textbook with zero additional explanation.,Frustration,Teaching,3,Negative,Medium
STU_2116,The weekly reading workload exceeds 150 pages of dense academic papers on top of coding labs.,Overload,Workload,4,Negative,High
STU_2430,We are assigned new complex chapters right during midterms week with no extension.,Overload,Workload,3,Negative,Medium
STU_1273,I am not stressed at all because the professor provided excellent prep materials.,Positive,Teaching,1,Positive,Low
STU_1030,"Loved the practical coding assignments, they gave me confidence for upcoming software internships.",Positive,Course Content,2,Positive,Low
STU_1607,Weekly attendance is tracked using the digital portal at the start of class.,Neutral,Teaching,3,Neutral,Medium
STU_1279,The textbook recommendations and supplementary reading lists were top-notch.,Positive,Library/Resources,1,Positive,Low
STU_2670,I feel suffocated by academic deadlines; I don't know who to talk to and feel totally alone.,High Stress,Mental Well-being,5,Negative,High
STU_1990,The professor reads monotone slides without ever looking up or answering chat questions.,Frustration,Teaching,4,Negative,High
STU_2812,I feel like an absolute failure who cannot keep up with anyone in this department.,High Stress,Mental Well-being,5,Negative,High
STU_2605,The academic dread is so intense that I cannot concentrate on anything anymore.,High Stress,Mental Well-being,4,Negative,High
STU_2664,I feel like an absolute failure who cannot keep up with anyone in this department.,High Stress,Mental Well-being,5,Negative,High
STU_2239,We are assigned new complex chapters right during midterms week with no extension.,Overload,Workload,3,Negative,Medium
STU_1198,Office hours were incredibly helpful. The teaching assistants always took time to help us debug.,Positive,Support,1,Positive,Low
STU_1423,The schedule for office hours was updated on the main dashboard.,Neutral,Support,2,Neutral,Low
STU_2149,The weekly reading workload exceeds 150 pages of dense academic papers on top of coding labs.,Overload,Workload,5,Negative,High
STU_1714,The online submission portal crashed right before the problem set deadline.,Frustration,Support,4,Negative,High
STU_1913,Confusing instructions on the final project caused our entire group to lose points unfairly.,Frustration,Course Content,3,Negative,Medium
STU_2749,I haven't slept properly in two weeks and feel like breaking down crying every single day.,High Stress,Mental Well-being,5,Negative,High
STU_1934,Confusing instructions on the final project caused our entire group to lose points unfairly.,Frustration,Course Content,3,Negative,Medium
STU_1895,Emails sent to the subject instructor are routinely ignored for weeks.,Frustration,Support,4,Negative,High
STU_2869,I feel suffocated by academic deadlines; I don't know who to talk to and feel totally alone.,High Stress,Mental Well-being,4,Negative,High
STU_2263,The sheer volume of homework prevents me from sleeping more than four hours a night.,Overload,Workload,5,Negative,High
STU_3087,Skipped the last three assignments because the mental hurdle of starting felt pointless.,Disengagement,Engagement,4,Negative,High
STU_2004,Lab equipment is outdated and half the software licenses are expired.,Frustration,Lab Work,2,Negative,Low
STU_1362,The textbook recommendations and supplementary reading lists were top-notch.,Positive,Library/Resources,1,Positive,Low
STU_1412,The midterm exam covered chapters 1 through 5 of the textbook.,Neutral,Examination,4,Neutral,High
STU_1580,Discussion forums are moderated by graduate teaching assistants.,Neutral,Support,2,Neutral,Low
STU_1753,There is no practice exam provided despite repeated requests from students.,Frustration,Examination,4,Negative,High
STU_2301,Continuous back-to-back assignments leave zero breathing room for revision or proper understanding.,Overload,Workload,4,Negative,High
STU_1509,The midterm exam covered chapters 1 through 5 of the textbook.,Neutral,Examination,4,Neutral,High
STU_1317,Office hours were incredibly helpful. The teaching assistants always took time to help us debug.,Positive,Support,1,Positive,Low
STU_1813,The grading criteria for the term paper were extremely vague and subjective.,Frustration,Examination,3,Negative,Medium
STU_2676,I feel suffocated by academic deadlines; I don't know who to talk to and feel totally alone.,High Stress,Mental Well-being,5,Negative,High
STU_2273,Too many mandatory group meetings and simultaneous milestone submissions this month.,Overload,Workload,4,Negative,High
STU_2835,I am having severe anxiety and panic attacks because of the upcoming final exam.,High Stress,Mental Well-being,5,Negative,High
STU_3026,Lectures are so boring and uninspired that everyone just browses their phones in silence.,Disengagement,Engagement,2,Negative,Low
STU_2847,I am having severe anxiety and panic attacks because of the upcoming final exam.,High Stress,Mental Well-being,5,Negative,High
STU_2070,We were tested on material that was never discussed in class or assigned in readings.,Frustration,Examination,4,Negative,High
STU_2045,I am not happy with how disorganized the lecturer is with homework deadlines.,Frustration,Course Content,3,Negative,Medium
STU_2919,I gave up trying to understand the proofs weeks ago; there is no support available.,Disengagement,Engagement,4,Negative,High
STU_1792,The professor reads monotone slides without ever looking up or answering chat questions.,Frustration,Teaching,5,Negative,High
STU_1157,"The exam was not difficult; in fact, it was very fair and well designed.",Positive,Examination,2,Positive,Low
STU_1238,Office hours were incredibly helpful. The teaching assistants always took time to help us debug.,Positive,Support,2,Positive,Low
STU_2452,Each problem set takes over 25 hours to complete; there is no time left for other courses.,Overload,Workload,4,Negative,High
STU_2611,The academic dread is so intense that I cannot concentrate on anything anymore.,High Stress,Mental Well-being,5,Negative,High
STU_1751,The pace of the class is erratic—rushing through hardest topics in the last ten minutes.,Frustration,Teaching,5,Negative,High
STU_2889,"Just going through the motions to get a passing grade, zero actual learning or interest.",Disengagement,Engagement,2,Negative,Low
STU_1653,The curriculum prerequisite list includes calculus and introductory programming.,Neutral,Course Content,2,Neutral,Low
STU_1276,The weekly quizzes gave immediate feedback that helped me stay on track throughout the term.,Positive,Examination,1,Positive,Low
STU_1628,Weekly attendance is tracked using the digital portal at the start of class.,Neutral,Teaching,1,Neutral,Low
STU_1154,The professor is extremely approachable and responds to student emails within hours.,Positive,Support,1,Positive,Low
STU_2248,We are assigned new complex chapters right during midterms week with no extension.,Overload,Workload,4,Negative,High
STU_1523,The midterm exam covered chapters 1 through 5 of the textbook.,Neutral,Examination,4,Neutral,High
STU_2538,The academic dread is so intense that I cannot concentrate on anything anymore.,High Stress,Mental Well-being,5,Negative,High
STU_1651,The course syllabus was distributed on the first day of class as scheduled.,Neutral,Course Content,3,Neutral,Medium
STU_2851,I feel suffocated by academic deadlines; I don't know who to talk to and feel totally alone.,High Stress,Mental Well-being,4,Negative,High
STU_1555,Textbook chapter summaries are provided at the end of each slide deck.,Neutral,Course Content,2,Neutral,Low
STU_2727,Severe burnout and depression are making it impossible to even get out of bed for class.,High Stress,Mental Well-being,5,Negative,High
STU_1743,The professor reads monotone slides without ever looking up or answering chat questions.,Frustration,Teaching,5,Negative,High
STU_1595,Reference materials are available in the university library reserve section.,Neutral,Library/Resources,2,Neutral,Low
STU_2912,I feel completely detached from this subject; I'm just guessing on quizzes to get it over with.,Disengagement,Engagement,2,Negative,Low
STU_1520,Discussion forums are moderated by graduate teaching assistants.,Neutral,Support,1,Neutral,Low
STU_2490,I am having severe anxiety and panic attacks because of the upcoming final exam.,High Stress,Mental Well-being,4,Negative,High
STU_2616,I haven't slept properly in two weeks and feel like breaking down crying every single day.,High Stress,Mental Well-being,5,Negative,High
STU_3100,I don't even bother opening the textbook anymore because the course feels so irrelevant.,Disengagement,Engagement,4,Negative,High
STU_1690,Lecture slides are just copied directly from the textbook with zero additional explanation.,Frustration,Teaching,3,Negative,Medium
STU_2219,The weekly reading workload exceeds 150 pages of dense academic papers on top of coding labs.,Overload,Workload,4,Negative,High
STU_2852,I feel like an absolute failure who cannot keep up with anyone in this department.,High Stress,Mental Well-being,4,Negative,High
STU_2853,I feel like an absolute failure who cannot keep up with anyone in this department.,High Stress,Mental Well-being,5,Negative,High
STU_1578,Weekly attendance is tracked using the digital portal at the start of class.,Neutral,Teaching,1,Neutral,Low
STU_2375,Continuous back-to-back assignments leave zero breathing room for revision or proper understanding.,Overload,Workload,4,Negative,High
STU_2202,Having three heavy project deadlines and two midterms in the exact same 48 hours is impossible.,Overload,Workload,4,Negative,High
STU_2244,The weekly reading workload exceeds 150 pages of dense academic papers on top of coding labs.,Overload,Workload,5,Negative,High
STU_2520,I feel like an absolute failure who cannot keep up with anyone in this department.,High Stress,Mental Well-being,5,Negative,High
STU_1646,The course prerequisite list includes calculus and introductory programming.,Neutral,Course Content,1,Neutral,Low
STU_1156,Group assignments encouraged great teamwork and problem-solving skills.,Positive,Course Content,1,Positive,Low
STU_1967,The pace of the class is erratic—rushing through hardest topics in the last ten minutes.,Frustration,Teaching,5,Negative,High
STU_2718,I feel completely buried in tasks and hopeless about passing this subject despite studying constantly.,High Stress,Mental Well-being,5,Negative,High
STU_2074,Students are not happy with the sudden change in exam format.,Frustration,Examination,5,Negative,High
STU_3086,Skipped the last three assignments because the mental hurdle of starting felt pointless.,Disengagement,Engagement,5,Negative,High
STU_2685,The constant pressure and harsh grading have completely destroyed my mental health this term.,High Stress,Mental Well-being,5,Negative,High
STU_1102,The grading rubric was transparent and fair for all midterm projects.,Positive,Examination,2,Positive,Low
STU_1749,Students are not happy with the sudden change in exam format.,Frustration,Examination,4,Negative,High
STU_2540,I am having severe anxiety and panic attacks because of the upcoming final final evaluation.,High Stress,Mental Well-being,5,Negative,High
STU_1766,I am definitely not happy with the way this midterm was graded.,Frustration,Examination,4,Negative,High
STU_1219,I am not stressed at all because the professor provided excellent prep materials.,Positive,Teaching,2,Positive,Low
STU_2407,Having three heavy project deadlines and two midterms in the exact same 48 hours is impossible.,Overload,Workload,3,Negative,Medium
STU_1260,"Loved the practical coding assignments, they gave me confidence for upcoming software internships.",Positive,Course Content,1,Positive,Low
STU_2570,Severe burnout and depression are making it impossible to even get out of bed for class.,High Stress,Mental Well-being,4,Negative,High
STU_1544,Weekly attendance is tracked using the digital portal at the start of class.,Neutral,Teaching,2,Neutral,Low
STU_1797,I am definitely not happy with the way this midterm was graded.,Frustration,Examination,3,Negative,Medium
STU_2965,"Just going through the motions to get a passing grade, zero actual learning or interest.",Disengagement,Engagement,2,Negative,Low
STU_1884,The lecturer reads monotone slides without ever looking up or answering chat questions.,Frustration,Teaching,3,Negative,Medium
STU_1047,"The exam was not difficult; in fact, it was very fair and well designed.",Positive,Examination,1,Positive,Low
STU_2300,The sheer volume of homework prevents me from sleeping more than four hours a night.,Overload,Workload,5,Negative,High
STU_1947,Confusing instructions on the final project caused our entire group to lose points unfairly.,Frustration,Course Content,3,Negative,Medium
STU_1073,Group assignments encouraged great teamwork and problem-solving skills.,Positive,Course Content,2,Positive,Low
STU_2175,Each problem set takes over 25 hours to complete; there is no time left for other courses.,Overload,Workload,5,Negative,High
STU_1027,Office hours were incredibly helpful. The teaching assistants always took time to help us debug.,Positive,Support,2,Positive,Low
STU_2641,I am having severe anxiety and panic attacks because of the upcoming final exam.,High Stress,Mental Well-being,5,Negative,High
STU_1547,Lectures are recorded and uploaded to the student portal within 24 hours.,Neutral,Support,2,Neutral,Low
STU_2079,Ambiguous instructions on the final project caused our entire group to lose points unfairly.,Frustration,Course Content,5,Negative,High
STU_2129,Continuous back-to-back assignments leave zero breathing room for revision or proper understanding.,Overload,Workload,4,Negative,High
STU_1004,I do not feel stressed anymore thanks to the clear explanations in class.,Positive,Teaching,2,Positive,Low
STU_1323,"Feedback on homework was detailed and constructive, helping me improve each week.",Positive,Teaching,1,Positive,Low
STU_2603,The constant pressure and harsh grading have completely destroyed my mental health this term.,High Stress,Mental Well-being,5,Negative,High
STU_1528,Textbook chapter summaries are provided at the end of each slide deck.,Neutral,Course Content,2,Neutral,Low
STU_1165,"The exam was not difficult; in fact, it was very fair and well designed.",Positive,Examination,1,Positive,Low
STU_1587,The schedule for office hours was updated on the main dashboard.,Neutral,Support,1,Neutral,Low
STU_1953,"Teaching assistants took over a month to return our graded homework, leaving us blind for midterms.",Frustration,Support,5,Negative,High
STU_1439,The subject prerequisite list includes calculus and introductory programming.,Neutral,Course Content,1,Neutral,Low
STU_1780,"Teaching assistants took over a month to return our graded homework, leaving us blind for midterms.",Frustration,Support,4,Negative,High
STU_1876,I am definitely not happy with the way this midterm was graded.,Frustration,Examination,4,Negative,High
STU_2289,The sheer volume of homework prevents me from sleeping more than four hours a night.,Overload,Workload,5,Negative,High
STU_1862,"Teaching assistants took over a month to return our graded homework, leaving us blind for midterms.",Frustration,Support,5,Negative,High
STU_1559,Lab sessions are held every Thursday afternoon for two hours.,Neutral,Lab Work,1,Neutral,Low
STU_2960,Lectures are so boring and uninspired that everyone just browses their phones in silence.,Disengagement,Engagement,1,Negative,Low
STU_1634,Homework is submitted via the online learning management system by Sunday midnight.,Neutral,Course Content,4,Neutral,High
STU_2992,I don't even bother opening the textbook anymore because the course feels so irrelevant.,Disengagement,Engagement,3,Negative,Medium
STU_2531,Failing this exam will cost me my scholarship and visa; the stress is paralyzing me.,High Stress,Mental Well-being,5,Negative,High
STU_2312,Too many mandatory group meetings and simultaneous milestone submissions this month.,Overload,Workload,5,Negative,High
STU_2489,The constant pressure and harsh grading have completely destroyed my mental health this term.,High Stress,Mental Well-being,5,Negative,High
STU_1170,I do not feel stressed anymore thanks to the clear explanations in class.,Positive,Teaching,2,Positive,Low
STU_1376,The campus study spaces and library resources made exam preparation much smoother.,Positive,Library/Resources,1,Positive,Low
STU_2846,Severe burnout and depression are making it impossible to even get out of bed for class.,High Stress,Mental Well-being,5,Negative,High
STU_1778,The pace of the class is erratic—rushing through hardest topics in the last ten minutes.,Frustration,Teaching,4,Negative,High
STU_1385,The weekly quizzes gave immediate feedback that helped me stay on track throughout the term.,Positive,Examination,1,Positive,Low
STU_2229,Five different assignments due on Sunday night while working part-time is completely unsustainable.,Overload,Workload,4,Negative,High
STU_2959,I have completely lost motivation and stopped attending lectures because nothing makes sense.,Disengagement,Engagement,3,Negative,Medium
STU_1781,Emails sent to the course instructor are routinely ignored for weeks.,Frustration,Support,3,Negative,Medium
STU_2716,I feel completely overwhelmed and hopeless about passing this course despite studying constantly.,High Stress,Mental Well-being,5,Negative,High
STU_2697,I am experiencing chest tightness and insomnia every time I think about my GPA.,High Stress,Mental Well-being,5,Negative,High
STU_1448,"The final grade consists of 40% assignments, 30% midterm, and 30% final exam.",Neutral,Examination,3,Neutral,Medium
STU_2686,I am having severe anxiety and panic attacks because of the upcoming final exam.,High Stress,Mental Well-being,4,Negative,High
STU_1446,The schedule for office hours was updated on the main dashboard.,Neutral,Support,1,Neutral,Low
STU_2650,I haven't slept properly in two weeks and feel like breaking down crying every single day.,High Stress,Mental Well-being,5,Negative,High
STU_2360,We are assigned new complex chapters right during midterms week with no extension.,Overload,Workload,5,Negative,High
STU_2709,I am experiencing chest tightness and insomnia every time I think about my GPA.,High Stress,Mental Well-being,5,Negative,High
STU_2064,I cannot understand why the grading took four weeks without any updates.,Frustration,Support,4,Negative,High
STU_2206,The sheer volume of homework prevents me from sleeping more than four hours a night.,Overload,Workload,4,Negative,High
STU_1471,The course prerequisite list includes calculus and introductory programming.,Neutral,Course Content,1,Neutral,Low
STU_2017,Students are not happy with the sudden change in exam format.,Frustration,Examination,4,Negative,High
STU_2162,Five different assignments due on Sunday night while working part-time is completely unsustainable.,Overload,Workload,5,Negative,High
STU_2937,Skipped the last three assignments because the mental hurdle of starting felt pointless.,Disengagement,Engagement,4,Negative,High
STU_1329,Course materials and lecture slides are well structured and easy to follow.,Positive,Course Content,2,Positive,Low
STU_2941,I feel completely detached from this subject; I'm just guessing on quizzes to get it over with.,Disengagement,Engagement,2,Negative,Low
STU_1709,I cannot understand why the grading took four weeks without any updates.,Frustration,Support,3,Negative,Medium
STU_2536,I feel like an absolute failure who cannot keep up with anyone in this department.,High Stress,Mental Well-being,5,Negative,High
STU_3019,"Just going through the motions to get a passing grade, zero actual learning or interest.",Disengagement,Engagement,2,Negative,Low
STU_1152,The grading rubric was transparent and fair for all midterm projects.,Positive,Examination,2,Positive,Low
STU_2998,I feel completely detached from this subject; I'm just guessing on quizzes to get it over with.,Disengagement,Engagement,3,Negative,Medium
STU_1691,The online submission portal crashed right before the assignment deadline.,Frustration,Support,5,Negative,High
STU_1665,The schedule for office hours was updated on the main dashboard.,Neutral,Support,1,Neutral,Low
STU_1748,I am not happy with how disorganized the professor is with homework deadlines.,Frustration,Course Content,5,Negative,High
STU_2533,I am experiencing chest tightness and insomnia every time I think about my GPA.,High Stress,Mental Well-being,5,Negative,High
STU_2097,Having three heavy project deadlines and two midterms in the exact same 48 hours is impossible.,Overload,Workload,5,Negative,High
STU_2309,The workload in this 3-credit course feels like a full-time 12-credit program.,Overload,Workload,5,Negative,High
STU_1941,"Teaching assistants took over a month to return our graded homework, leaving us blind for midterms.",Frustration,Support,4,Negative,High
STU_1502,The course syllabus was distributed on the first day of class as scheduled.,Neutral,Course Content,3,Neutral,Medium
STU_3083,I have completely lost motivation and stopped attending lectures because nothing makes sense.,Disengagement,Engagement,2,Negative,Low
STU_2393,The weekly reading workload exceeds 150 pages of dense academic papers on top of coding labs.,Overload,Workload,5,Negative,High
STU_2242,The workload in this 3-credit course feels like a full-time 12-credit program.,Overload,Workload,4,Negative,High
STU_2240,Continuous back-to-back assignments leave zero breathing room for revision or proper understanding.,Overload,Workload,4,Negative,High
STU_1973,"Teaching assistants took over a month to return our graded homework, leaving us blind for midterms.",Frustration,Support,5,Negative,High
STU_2620,I feel suffocated by academic deadlines; I don't know who to talk to and feel totally alone.,High Stress,Mental Well-being,5,Negative,High
STU_2476,Too many mandatory group meetings and simultaneous milestone submissions this month.,Overload,Workload,4,Negative,High
STU_1820,Lecture slides are just copied directly from the textbook with zero additional explanation.,Frustration,Teaching,2,Negative,Low
STU_1874,Emails sent to the course instructor are routinely ignored for weeks.,Frustration,Support,3,Negative,Medium
STU_2386,Impossible expectations: coding an entire web app from scratch in 3 days with no starter code.,Overload,Workload,4,Negative,High
STU_2552,I feel completely swamped and hopeless about passing this course despite studying constantly.,High Stress,Mental Well-being,5,Negative,High
STU_2320,Too many mandatory group meetings and simultaneous milestone submissions this month.,Overload,Workload,4,Negative,High
STU_2444,The workload in this 3-credit course feels like a full-time 12-credit program.,Overload,Workload,5,Negative,High
STU_3037,I don't even bother opening the textbook anymore because the curriculum feels so irrelevant.,Disengagement,Engagement,3,Negative,Medium
STU_2996,Nobody in our study group cares anymore; we have all checked out mentally.,Disengagement,Engagement,2,Negative,Low
STU_2188,The weekly reading workload exceeds 150 pages of dense academic papers on top of coding labs.,Overload,Workload,4,Negative,High
STU_1796,The pace of the class is erratic—rushing through hardest topics in the last ten minutes.,Frustration,Teaching,4,Negative,High
STU_2989,I don't even bother opening the textbook anymore because the course feels so irrelevant.,Disengagement,Engagement,3,Negative,Medium
STU_1300,The grading rubric was transparent and fair for all midterm projects.,Positive,Examination,1,Positive,Low
STU_2647,Severe burnout and depression are making it impossible to even get out of bed for class.,High Stress,Mental Well-being,5,Negative,High
STU_1742,There is no practice exam provided despite repeated requests from students.,Frustration,Examination,4,Negative,High
STU_2005,The pace of the class is erratic—rushing through hardest topics in the last ten minutes.,Frustration,Teaching,5,Negative,High
STU_2020,The pace of the class is erratic—rushing through hardest topics in the last ten minutes.,Frustration,Teaching,3,Negative,Medium
STU_2408,Having three heavy project deadlines and two midterms in the exact same 48 hours is impossible.,Overload,Workload,4,Negative,High
STU_2684,Failing this exam will cost me my scholarship and visa; the stress is paralyzing me.,High Stress,Mental Well-being,5,Negative,High
STU_2807,I feel completely overwhelmed and hopeless about passing this course despite studying constantly.,High Stress,Mental Well-being,5,Negative,High
STU_2668,The academic dread is so intense that I cannot concentrate on anything anymore.,High Stress,Mental Well-being,5,Negative,High
STU_1353,The lecturer explains complex algorithms with great clarity and patience.,Positive,Teaching,2,Positive,Low
STU_1390,"Loved the practical coding assignments, they gave me confidence for upcoming software internships.",Positive,Course Content,1,Positive,Low
STU_2515,The constant pressure and harsh grading have completely destroyed my mental health this term.,High Stress,Mental Well-being,5,Negative,High
STU_2945,Skipped the last three assignments because the mental hurdle of starting felt pointless.,Disengagement,Engagement,5,Negative,High
STU_1171,Excellent balance between theoretical mathematics and practical engineering applications.,Positive,Course Content,2,Positive,Low
STU_3078,"Just going through the motions to get a passing grade, zero actual learning or interest.",Disengagement,Engagement,2,Negative,Low
STU_2369,Continuous back-to-back assignments leave zero breathing room for revision or proper understanding.,Overload,Workload,3,Negative,Medium
STU_2406,Impossible expectations: coding an entire web app from scratch in 3 days with no starter code.,Overload,Workload,5,Negative,High
STU_2914,Nobody in our study group cares anymore; we have all checked out mentally.,Disengagement,Engagement,2,Negative,Low
STU_2144,We are assigned new complex chapters right during midterms week with no extension.,Overload,Workload,3,Negative,Medium
STU_1357,I am not overwhelmed at all now that the TA helped clarify the project roadmap.,Positive,Support,1,Positive,Low
STU_1324,"Loved the practical coding assignments, they gave me confidence for upcoming software internships.",Positive,Course Content,1,Positive,Low
STU_2396,Each problem set takes over 25 hours to complete; there is no time left for other courses.,Overload,Workload,5,Negative,High
STU_1308,Course materials and lecture slides are well structured and easy to follow.,Positive,Course Content,1,Positive,Low
STU_3045,I feel completely detached from this subject; I'm just guessing on quizzes to get it over with.,Disengagement,Engagement,3,Negative,Medium
STU_2503,Failing this exam will cost me my scholarship and visa; the stress is paralyzing me.,High Stress,Mental Well-being,5,Negative,High
STU_1790,The professor reads monotone slides without ever looking up or answering chat questions.,Frustration,Teaching,5,Negative,High
STU_2311,Five different assignments due on Sunday night while working part-time is completely unsustainable.,Overload,Workload,5,Negative,High
STU_2824,I feel suffocated by academic deadlines; I don't know who to talk to and feel totally alone.,High Stress,Mental Well-being,5,Negative,High
STU_1867,"Teaching assistants took over a month to return our graded homework, leaving us blind for midterms.",Frustration,Support,5,Negative,High
STU_1880,We were tested on material that was never discussed in class or assigned in readings.,Frustration,Examination,5,Negative,High
STU_1365,"The exam was not challenging; in fact, it was very fair and well designed.",Positive,Examination,1,Positive,Low
STU_1053,I really enjoyed the hands-on lab sessions this semester; they made theoretical concepts easy to grasp.,Positive,Lab Work,1,Positive,Low
STU_1851,The lecturer reads monotone slides without ever looking up or answering chat questions.,Frustration,Teaching,5,Negative,High
STU_1888,Lecture slides are just copied directly from the textbook with zero additional explanation.,Frustration,Teaching,3,Negative,Medium
STU_2929,I feel completely detached from this subject; I'm just guessing on quizzes to get it over with.,Disengagement,Engagement,2,Negative,Low
STU_1155,The textbook recommendations and supplementary reading lists were top-notch.,Positive,Library/Resources,1,Positive,Low
STU_1826,The online submission portal crashed right before the assignment deadline.,Frustration,Support,4,Negative,High
STU_1707,Lab equipment is outdated and half the software licenses are expired.,Frustration,Lab Work,2,Negative,Low
STU_2224,We are assigned new complex chapters right during midterms week with no extension.,Overload,Workload,3,Negative,Medium
STU_1035,I do not feel stressed anymore thanks to the clear explanations in class.,Positive,Teaching,1,Positive,Low
STU_2142,Too many mandatory group meetings and simultaneous milestone submissions this month.,Overload,Workload,4,Negative,High
STU_2753,I haven't slept properly in two weeks and feel like breaking down crying every single day.,High Stress,Mental Well-being,5,Negative,High
STU_2755,Failing this exam will cost me my scholarship and visa; the stress is paralyzing me.,High Stress,Mental Well-being,5,Negative,High
STU_3064,I feel completely detached from this subject; I'm just guessing on quizzes to get it over with.,Disengagement,Engagement,4,Negative,High
STU_1724,Students are not happy with the sudden change in final evaluation format.,Frustration,Examination,4,Negative,High
STU_1418,Textbook chapter summaries are provided at the end of each slide deck.,Neutral,Course Content,3,Neutral,Medium
STU_1955,Confusing instructions on the final project caused our entire group to lose points unfairly.,Frustration,Course Content,5,Negative,High
STU_1034,The weekly quizzes gave immediate feedback that helped me stay on track throughout the term.,Positive,Examination,2,Positive,Low
STU_2114,The sheer volume of homework prevents me from sleeping more than four hours a night.,Overload,Workload,5,Negative,High
STU_2857,I feel suffocated by academic deadlines; I don't know who to talk to and feel totally alone.,High Stress,Mental Well-being,5,Negative,High
STU_2845,The academic dread is so intense that I cannot concentrate on anything anymore.,High Stress,Mental Well-being,5,Negative,High
STU_2512,The constant pressure and harsh grading have completely destroyed my mental health this term.,High Stress,Mental Well-being,5,Negative,High
STU_2018,The grading criteria for the term paper were extremely vague and subjective.,Frustration,Examination,3,Negative,Medium
STU_2572,I am experiencing chest tightness and insomnia every time I think about my GPA.,High Stress,Mental Well-being,4,Negative,High
STU_2138,We are assigned new complex chapters right during midterms week with no extension.,Overload,Workload,5,Negative,High
STU_3099,Lectures are so boring and uninspired that everyone just browses their phones in silence.,Disengagement,Engagement,2,Negative,Low
STU_2006,Office hour queues are two hours long and TA runs out of time before seeing half the students.,Frustration,Support,4,Negative,High
STU_1089,I do not feel stressed anymore thanks to the clear explanations in class.,Positive,Teaching,1,Positive,Low
STU_1565,Reference materials are available in the university library reserve section.,Neutral,Library/Resources,2,Neutral,Low
STU_2675,I feel like an absolute failure who cannot keep up with anyone in this department.,High Stress,Mental Well-being,5,Negative,High
STU_2950,Skipped the last three assignments because the mental hurdle of starting felt pointless.,Disengagement,Engagement,3,Negative,Medium
STU_1110,The professor is extremely approachable and responds to student emails within hours.,Positive,Support,1,Positive,Low
STU_2677,I feel suffocated by academic deadlines; I don't know who to talk to and feel totally alone.,High Stress,Mental Well-being,4,Negative,High
STU_1062,"Feedback on homework was detailed and constructive, helping me improve each week.",Positive,Teaching,2,Positive,Low
STU_1220,The professor is extremely approachable and responds to student emails within hours.,Positive,Support,1,Positive,Low
STU_3089,Skipped the last three assignments because the mental hurdle of starting felt pointless.,Disengagement,Engagement,4,Negative,High
STU_2803,I am having severe anxiety and panic attacks because of the upcoming final exam.,High Stress,Mental Well-being,4,Negative,High
STU_1278,"The midterm was not tough; in fact, it was very fair and well designed.",Positive,Examination,1,Positive,Low
STU_1840,There is no practice exam provided despite repeated requests from students.,Frustration,Examination,2,Negative,Low
STU_1699,The grading criteria for the term paper were extremely vague and subjective.,Frustration,Examination,3,Negative,Medium
STU_1320,I do not feel stressed anymore thanks to the clear explanations in class.,Positive,Teaching,1,Positive,Low
STU_2968,I gave up trying to understand the proofs weeks ago; there is no support available.,Disengagement,Engagement,5,Negative,High
STU_2496,I am experiencing chest tightness and insomnia every time I think about my GPA.,High Stress,Mental Well-being,5,Negative,High
STU_1288,Group assignments encouraged great teamwork and problem-solving skills.,Positive,Course Content,3,Positive,Medium
STU_2974,I gave up trying to understand the proofs weeks ago; there is no support available.,Disengagement,Engagement,3,Negative,Medium
STU_2598,The constant pressure and harsh grading have completely destroyed my mental health this term.,High Stress,Mental Well-being,5,Negative,High
STU_1111,Course materials and lecture slides are well structured and easy to follow.,Positive,Course Content,1,Positive,Low
STU_2477,Continuous back-to-back assignments leave zero breathing room for revision or proper understanding.,Overload,Workload,4,Negative,High
STU_1909,The online submission portal crashed right before the assignment deadline.,Frustration,Support,5,Negative,High
STU_2183,Continuous back-to-back assignments leave zero breathing room for revision or proper understanding.,Overload,Workload,4,Negative,High
STU_1901,The grading criteria for the term paper were extremely vague and subjective.,Frustration,Examination,4,Negative,High
STU_1099,Group assignments encouraged great teamwork and problem-solving skills.,Positive,Course Content,3,Positive,Medium
STU_2927,I feel completely detached from this subject; I'm just guessing on quizzes to get it over with.,Disengagement,Engagement,4,Negative,High
STU_1065,I really enjoyed the hands-on lab sessions this semester; they made theoretical concepts easy to grasp.,Positive,Lab Work,1,Positive,Low
STU_3018,I have completely lost motivation and stopped attending lectures because nothing makes sense.,Disengagement,Engagement,4,Negative,High
STU_1346,I really enjoyed the hands-on lab sessions this semester; they made theoretical concepts easy to grasp.,Positive,Lab Work,1,Positive,Low
STU_2209,Impossible expectations: coding an entire web app from scratch in 3 days with no starter code.,Overload,Workload,5,Negative,High
STU_2991,I don't even bother opening the textbook anymore because the class feels so irrelevant.,Disengagement,Engagement,2,Negative,Low
STU_2260,Continuous back-to-back assignments leave zero breathing room for revision or proper understanding.,Overload,Workload,4,Negative,High
STU_2059,The online submission portal crashed right before the assignment deadline.,Frustration,Support,4,Negative,High
STU_1632,Lab sessions are held every Thursday afternoon for two hours.,Neutral,Lab Work,2,Neutral,Low
STU_1205,The professor explains complex algorithms with great clarity and patience.,Positive,Teaching,2,Positive,Low
STU_1245,I am not stressed at all because the professor provided excellent prep materials.,Positive,Teaching,2,Positive,Low
STU_3056,"Just going through the motions to get a passing grade, zero actual learning or interest.",Disengagement,Engagement,1,Negative,Low
STU_2422,The weekly reading workload exceeds 150 pages of dense academic papers on top of coding labs.,Overload,Workload,4,Negative,High
STU_2160,Continuous back-to-back assignments leave zero breathing room for revision or proper understanding.,Overload,Workload,5,Negative,High
STU_2080,The professor reads monotone slides without ever looking up or answering chat questions.,Frustration,Teaching,4,Negative,High
STU_2848,I am having severe anxiety and panic attacks because of the upcoming final exam.,High Stress,Mental Well-being,5,Negative,High
STU_2180,The sheer volume of homework prevents me from sleeping more than four hours a night.,Overload,Workload,5,Negative,High
STU_2282,Five different assignments due on Sunday night while working part-time is completely unsustainable.,Overload,Workload,4,Negative,High
STU_1455,Lectures are recorded and uploaded to the student portal within 24 hours.,Neutral,Support,2,Neutral,Low
STU_2370,The sheer volume of homework prevents me from sleeping more than four hours a night.,Overload,Workload,5,Negative,High
STU_1400,The grading rubric was transparent and fair for all midterm projects.,Positive,Examination,2,Positive,Low
STU_1106,Module materials and lecture slides are well structured and easy to follow.,Positive,Course Content,2,Positive,Low
STU_2266,Impossible expectations: coding an entire web app from scratch in 3 days with no starter code.,Overload,Workload,5,Negative,High
STU_1049,I do not feel stressed anymore thanks to the clear explanations in class.,Positive,Teaching,2,Positive,Low
STU_1961,We were tested on material that was never discussed in class or assigned in readings.,Frustration,Examination,5,Negative,High
STU_1558,The midterm exam covered chapters 1 through 5 of the textbook.,Neutral,Examination,4,Neutral,High
STU_2365,Continuous back-to-back assignments leave zero breathing room for revision or proper understanding.,Overload,Workload,4,Negative,High
STU_1036,"Loved the practical coding assignments, they gave me confidence for upcoming software internships.",Positive,Course Content,1,Positive,Low
STU_2089,We are assigned new complex chapters right during midterms week with no extension.,Overload,Workload,3,Negative,Medium
STU_2026,The online submission portal crashed right before the assignment deadline.,Frustration,Support,5,Negative,High
STU_3075,I have completely lost motivation and stopped attending lectures because nothing makes sense.,Disengagement,Engagement,4,Negative,High
STU_1452,Discussion forums are moderated by graduate teaching assistants.,Neutral,Support,3,Neutral,Medium
STU_1795,The pace of the class is erratic—rushing through hardest topics in the last ten minutes.,Frustration,Teaching,3,Negative,Medium
STU_1833,We were tested on material that was never discussed in class or assigned in readings.,Frustration,Examination,4,Negative,High
STU_1683,The online submission portal crashed right before the assignment deadline.,Frustration,Support,4,Negative,High
STU_1080,Course materials and lecture slides are well structured and easy to follow.,Positive,Course Content,1,Positive,Low
STU_2636,The constant pressure and harsh grading have completely destroyed my mental health this term.,High Stress,Mental Well-being,5,Negative,High
STU_1627,Lab sessions are held every Thursday afternoon for two hours.,Neutral,Lab Work,1,Neutral,Low
STU_2890,I feel completely detached from this subject; I'm just guessing on quizzes to get it over with.,Disengagement,Engagement,3,Negative,Medium
STU_3015,"Just going through the motions to get a passing grade, zero actual learning or interest.",Disengagement,Engagement,2,Negative,Low
STU_1822,"Teaching assistants took over a month to return our graded homework, leaving us blind for midterms.",Frustration,Support,3,Negative,Medium
STU_3027,Skipped the last three assignments because the mental hurdle of starting felt pointless.,Disengagement,Engagement,3,Negative,Medium
STU_1103,I do not feel stressed anymore thanks to the clear explanations in class.,Positive,Teaching,1,Positive,Low
STU_1019,Group assignments encouraged great teamwork and problem-solving skills.,Positive,Course Content,2,Positive,Low
STU_2420,The weekly reading workload exceeds 150 pages of dense academic papers on top of coding labs.,Overload,Workload,4,Negative,High
STU_3091,Lectures are so boring and uninspired that everyone just browses their phones in silence.,Disengagement,Engagement,1,Negative,Low
STU_1286,"The exam was not difficult; in fact, it was very fair and well designed.",Positive,Examination,1,Positive,Low
STU_1483,Discussion forums are moderated by graduate teaching assistants.,Neutral,Support,1,Neutral,Low
STU_2445,The weekly reading workload exceeds 150 pages of dense academic papers on top of coding labs.,Overload,Workload,4,Negative,High
STU_1449,The course syllabus was distributed on the first day of class as scheduled.,Neutral,Course Content,3,Neutral,Medium
STU_1249,Course materials and lecture slides are well structured and easy to follow.,Positive,Course Content,2,Positive,Low
STU_2579,I feel completely overwhelmed and hopeless about passing this course despite studying constantly.,High Stress,Mental Well-being,5,Negative,High
STU_2105,The sheer volume of homework prevents me from sleeping more than four hours a night.,Overload,Workload,4,Negative,High
STU_1070,Course materials and lecture slides are well structured and easy to follow.,Positive,Course Content,1,Positive,Low
STU_1717,Lecture slides are just copied directly from the textbook with zero additional explanation.,Frustration,Teaching,3,Negative,Medium
STU_2948,I gave up trying to understand the proofs weeks ago; there is no support available.,Disengagement,Engagement,3,Negative,Medium
STU_1891,Emails sent to the course instructor are routinely ignored for weeks.,Frustration,Support,5,Negative,High
STU_2055,I cannot understand why the grading took four weeks without any updates.,Frustration,Support,5,Negative,High
STU_1140,Excellent balance between theoretical mathematics and practical engineering applications.,Positive,Course Content,3,Positive,Medium
STU_2011,Lecture slides are just copied directly from the textbook with zero additional explanation.,Frustration,Teaching,2,Negative,Low
STU_1802,The grading criteria for the term paper were very vague and subjective.,Frustration,Examination,2,Negative,Low
STU_2269,Impossible expectations: coding an entire web app from scratch in 3 days with no starter code.,Overload,Workload,4,Negative,High
STU_2327,The sheer volume of homework prevents me from sleeping more than four hours a night.,Overload,Workload,4,Negative,High
STU_1407,Weekly attendance is tracked using the digital portal at the start of class.,Neutral,Teaching,1,Neutral,Low
STU_2391,The workload in this 3-credit course feels like a full-time 12-credit program.,Overload,Workload,5,Negative,High
STU_2662,I am experiencing chest tightness and insomnia every time I think about my GPA.,High Stress,Mental Well-being,4,Negative,High
STU_3021,Skipped the last three assignments because the mental hurdle of starting felt pointless.,Disengagement,Engagement,5,Negative,High
STU_1754,We were tested on material that was never discussed in class or assigned in readings.,Frustration,Examination,3,Negative,Medium
STU_1760,"Teaching assistants took over a month to return our graded homework, leaving us blind for midterms.",Frustration,Support,4,Negative,High
STU_1075,The professor explains complex algorithms with great clarity and patience.,Positive,Teaching,1,Positive,Low
STU_2335,The sheer volume of homework prevents me from sleeping more than four hours a night.,Overload,Workload,5,Negative,High
STU_2565,I feel suffocated by academic deadlines; I don't know who to talk to and feel totally alone.,High Stress,Mental Well-being,4,Negative,High
STU_1046,Course materials and lecture slides are well structured and easy to follow.,Positive,Course Content,1,Positive,Low
STU_1519,The course syllabus was distributed on the first day of class as scheduled.,Neutral,Course Content,3,Neutral,Medium
STU_2125,The sheer volume of homework prevents me from sleeping more than four hours a night.,Overload,Workload,5,Negative,High
STU_2562,I haven't slept properly in two weeks and feel like breaking down crying every single day.,High Stress,Mental Well-being,5,Negative,High
STU_1169,The weekly quizzes gave immediate feedback that helped me stay on track throughout the term.,Positive,Examination,2,Positive,Low
STU_1841,The professor reads monotone slides without ever looking up or answering chat questions.,Frustration,Teaching,3,Negative,Medium
STU_1420,The schedule for office hours was updated on the main dashboard.,Neutral,Support,2,Neutral,Low
STU_2098,We are assigned new complex chapters right during midterms week with no extension.,Overload,Workload,4,Negative,High
STU_1517,Discussion forums are moderated by graduate teaching assistants.,Neutral,Support,3,Neutral,Medium
STU_1108,The grading rubric was transparent and fair for all midterm projects.,Positive,Examination,2,Positive,Low
STU_1079,I am not overwhelmed at all now that the TA helped clarify the project roadmap.,Positive,Support,1,Positive,Low
STU_1678,The course syllabus was distributed on the first day of class as scheduled.,Neutral,Course Content,2,Neutral,Low
STU_2817,I am experiencing chest tightness and insomnia every time I think about my GPA.,High Stress,Mental Well-being,5,Negative,High
STU_2389,Impossible expectations: coding an entire web app from scratch in 3 days with no starter code.,Overload,Workload,5,Negative,High
STU_2402,Having three heavy project deadlines and two midterms in the exact same 48 hours is impossible.,Overload,Workload,4,Negative,High
STU_1506,"The final grade consists of 40% assignments, 30% midterm, and 30% final quiz.",Neutral,Examination,3,Neutral,Medium
STU_1223,The campus study spaces and library resources made exam preparation much smoother.,Positive,Library/Resources,2,Positive,Low
STU_2121,Having three heavy project deadlines and two midterms in the exact same 48 hours is impossible.,Overload,Workload,4,Negative,High
STU_2200,Impossible expectations: coding an entire web app from scratch in 3 days with no starter code.,Overload,Workload,5,Negative,High
STU_1731,I am not happy with how disorganized the professor is with homework deadlines.,Frustration,Course Content,4,Negative,High
STU_1281,I am not stressed at all because the professor provided excellent prep materials.,Positive,Teaching,1,Positive,Low
STU_1162,"Feedback on homework was detailed and constructive, helping me improve each week.",Positive,Teaching,1,Positive,Low
STU_1963,Students are not happy with the sudden change in exam format.,Frustration,Examination,4,Negative,High
STU_2001,The grading criteria for the term paper were extremely vague and subjective.,Frustration,Examination,3,Negative,Medium
STU_1403,Lab sessions are held every Thursday afternoon for two hours.,Neutral,Lab Work,2,Neutral,Low
STU_2594,Failing this exam will cost me my scholarship and visa; the stress is paralyzing me.,High Stress,Mental Well-being,4,Negative,High
STU_2067,Lab equipment is outdated and half the software licenses are expired.,Frustration,Lab Work,4,Negative,High
STU_1188,The grading rubric was transparent and fair for all midterm projects.,Positive,Examination,1,Positive,Low
STU_2882,Nobody in our study group cares anymore; we have all checked out mentally.,Disengagement,Engagement,3,Negative,Medium
STU_1469,Discussion forums are moderated by graduate teaching assistants.,Neutral,Support,1,Neutral,Low
STU_2262,Too many mandatory group meetings and simultaneous milestone submissions this month.,Overload,Workload,3,Negative,Medium
STU_3016,Lectures are so boring and uninspired that everyone just browses their phones in silence.,Disengagement,Engagement,1,Negative,Low
STU_2124,Having three heavy project deadlines and two midterms in the exact same 48 hours is impossible.,Overload,Workload,4,Negative,High
STU_1426,Discussion forums are moderated by graduate teaching assistants.,Neutral,Support,2,Neutral,Low
STU_2994,I gave up trying to understand the proofs weeks ago; there is no support available.,Disengagement,Engagement,3,Negative,Medium
STU_2721,Failing this exam will cost me my scholarship and visa; the stress is paralyzing me.,High Stress,Mental Well-being,5,Negative,High
STU_1305,"The exam was not punishing; in fact, it was very fair and well designed.",Positive,Examination,1,Positive,Low
STU_2774,Failing this exam will cost me my scholarship and visa; the stress is paralyzing me.,High Stress,Mental Well-being,5,Negative,High
STU_1964,The grading criteria for the term paper were extremely vague and subjective.,Frustration,Examination,3,Negative,Medium
STU_3046,I don't even bother opening the textbook anymore because the course feels so irrelevant.,Disengagement,Engagement,3,Negative,Medium
STU_2284,Impossible expectations: coding an entire web app from scratch in 3 days with no starter code.,Overload,Workload,5,Negative,High
STU_2347,Each problem set takes over 25 hours to complete; there is no time left for other courses.,Overload,Workload,5,Negative,High
STU_2884,Lectures are so boring and uninspired that everyone just browses their phones in silence.,Disengagement,Engagement,2,Negative,Low
STU_1474,The midterm exam covered chapters 1 through 5 of the textbook.,Neutral,Examination,3,Neutral,Medium
STU_2410,Impossible expectations: coding an entire web app from scratch in 3 days with no starter code.,Overload,Workload,4,Negative,High
STU_2307,Impossible expectations: coding an entire web app from scratch in 3 days with no starter code.,Overload,Workload,4,Negative,High
STU_2571,I haven't slept properly in two weeks and feel like breaking down crying every single day.,High Stress,Mental Well-being,5,Negative,High
STU_1706,Lecture slides are just copied directly from the textbook with zero additional explanation.,Frustration,Teaching,3,Negative,Medium
STU_2176,Five different assignments due on Sunday night while working part-time is completely unsustainable.,Overload,Workload,5,Negative,High
STU_2788,I feel completely overwhelmed and hopeless about passing this course despite studying constantly.,High Stress,Mental Well-being,5,Negative,High
STU_3005,Lectures are so boring and uninspired that everyone just browses their phones in silence.,Disengagement,Engagement,3,Negative,Medium
STU_2838,Severe burnout and depression are making it impossible to even get out of bed for class.,High Stress,Mental Well-being,5,Negative,High
STU_2112,The weekly reading workload exceeds 150 pages of dense academic papers on top of coding labs.,Overload,Workload,4,Negative,High
STU_2031,The pace of the class is erratic—rushing through hardest topics in the last ten minutes.,Frustration,Teaching,4,Negative,High
STU_1147,I do not feel stressed anymore thanks to the clear explanations in class.,Positive,Teaching,2,Positive,Low
STU_2815,I feel like an absolute failure who cannot keep up with anyone in this department.,High Stress,Mental Well-being,5,Negative,High
STU_2834,I haven't slept properly in two weeks and feel like breaking down crying every single day.,High Stress,Mental Well-being,4,Negative,High
STU_2711,I feel suffocated by academic deadlines; I don't know who to talk to and feel totally alone.,High Stress,Mental Well-being,4,Negative,High
STU_1470,Lab sessions are held every Thursday afternoon for two hours.,Neutral,Lab Work,3,Neutral,Medium
STU_1515,"The final grade consists of 40% assignments, 30% midterm, and 30% final exam.",Neutral,Examination,3,Neutral,Medium
STU_1870,Students are not happy with the sudden change in exam format.,Frustration,Examination,4,Negative,High
STU_2734,I am experiencing chest tightness and insomnia every time I think about my GPA.,High Stress,Mental Well-being,5,Negative,High
STU_1818,Students are not happy with the sudden change in exam format.,Frustration,Examination,5,Negative,High
STU_1589,Textbook chapter summaries are provided at the end of each slide deck.,Neutral,Course Content,1,Neutral,Low
STU_2441,Impossible expectations: coding an entire web app from scratch in 3 days with no starter code.,Overload,Workload,4,Negative,High
STU_1163,Office hours were incredibly helpful. The teaching assistants always took time to help us debug.,Positive,Support,1,Positive,Low
STU_3058,Skipped the last three assignments because the mental hurdle of starting felt pointless.,Disengagement,Engagement,3,Negative,Medium
STU_2442,Five different assignments due on Sunday night while working part-time is completely unsustainable.,Overload,Workload,4,Negative,High
STU_1318,"Feedback on homework was detailed and constructive, helping me improve each week.",Positive,Teaching,1,Positive,Low
STU_2156,Too many mandatory group meetings and simultaneous milestone submissions this month.,Overload,Workload,4,Negative,High
STU_1946,The professor reads monotone slides without ever looking up or answering chat questions.,Frustration,Teaching,4,Negative,High
STU_1212,The campus study spaces and library resources made exam preparation much smoother.,Positive,Library/Resources,2,Positive,Low
STU_2157,The weekly reading workload exceeds 150 pages of dense academic papers on top of coding labs.,Overload,Workload,5,Negative,High
STU_1071,"The exam was not difficult; in fact, it was very fair and well designed.",Positive,Examination,1,Positive,Low
STU_2027,The professor reads monotone slides without ever looking up or answering chat questions.,Frustration,Teaching,3,Negative,Medium
STU_2210,Five different assignments due on Sunday night while working part-time is completely unsustainable.,Overload,Workload,5,Negative,High
STU_1550,Homework is submitted via the online learning management system by Sunday midnight.,Neutral,Course Content,3,Neutral,Medium
STU_1133,I am not stressed at all because the professor provided excellent prep materials.,Positive,Teaching,1,Positive,Low
STU_1969,The pace of the class is erratic—rushing through hardest topics in the last ten minutes.,Frustration,Teaching,3,Negative,Medium
STU_2163,We are assigned new complex chapters right during midterms week with no extension.,Overload,Workload,4,Negative,High
STU_1713,I am not happy with how disorganized the professor is with homework deadlines.,Frustration,Course Content,4,Negative,High
STU_2651,Failing this exam will cost me my scholarship and visa; the stress is paralyzing me.,High Stress,Mental Well-being,5,Negative,High
STU_3061,Nobody in our study group cares anymore; we have all checked out mentally.,Disengagement,Engagement,2,Negative,Low
STU_1798,Emails sent to the subject instructor are routinely ignored for weeks.,Frustration,Support,3,Negative,Medium
STU_3025,Nobody in our study group cares anymore; we have all checked out mentally.,Disengagement,Engagement,2,Negative,Low
STU_1531,The course prerequisite list includes calculus and introductory programming.,Neutral,Course Content,2,Neutral,Low
STU_1378,Excellent balance between theoretical mathematics and practical engineering applications.,Positive,Course Content,1,Positive,Low
STU_1059,Office hours were incredibly helpful. The teaching assistants always took time to help us debug.,Positive,Support,1,Positive,Low
STU_1466,"The final grade consists of 40% assignments, 30% midterm, and 30% final test.",Neutral,Examination,3,Neutral,Medium
STU_1689,I am not happy with how disorganized the professor is with homework deadlines.,Frustration,Course Content,5,Negative,High
STU_1537,Lab sessions are held every Thursday afternoon for two hours.,Neutral,Lab Work,3,Neutral,Medium
STU_1676,Reference materials are available in the university library reserve section.,Neutral,Library/Resources,2,Neutral,Low
STU_2627,Failing this test will cost me my scholarship and visa; the stress is paralyzing me.,High Stress,Mental Well-being,5,Negative,High
STU_2961,Lectures are so boring and uninspired that everyone just browses their phones in silence.,Disengagement,Engagement,3,Negative,Medium
STU_2023,Lab equipment is outdated and half the software licenses are expired.,Frustration,Lab Work,4,Negative,High
STU_2484,I haven't slept properly in two weeks and feel like breaking down crying every single day.,High Stress,Mental Well-being,5,Negative,High
STU_1710,I am not happy with how disorganized the lecturer is with homework deadlines.,Frustration,Course Content,4,Negative,High
STU_1072,The grading rubric was transparent and fair for all midterm projects.,Positive,Examination,1,Positive,Low
STU_1998,I am not happy with how disorganized the professor is with homework deadlines.,Frustration,Course Content,5,Negative,High
STU_1192,The grading rubric was transparent and fair for all midterm projects.,Positive,Examination,1,Positive,Low
STU_3022,I have completely lost motivation and stopped attending lectures because nothing makes sense.,Disengagement,Engagement,2,Negative,Low
STU_2537,Failing this test will cost me my scholarship and visa; the stress is paralyzing me.,High Stress,Mental Well-being,5,Negative,High
STU_1719,I cannot understand why the grading took four weeks without any updates.,Frustration,Support,5,Negative,High
STU_1725,The online submission portal crashed right before the assignment deadline.,Frustration,Support,3,Negative,Medium
STU_2431,Too many mandatory group meetings and simultaneous milestone submissions this month.,Overload,Workload,4,Negative,High
STU_1567,Lab sessions are held every Thursday afternoon for two hours.,Neutral,Lab Work,3,Neutral,Medium
STU_2325,The weekly reading workload exceeds 150 pages of dense academic papers on top of coding labs.,Overload,Workload,5,Negative,High
STU_2437,Five different assignments due on Sunday night while working part-time is completely unsustainable.,Overload,Workload,5,Negative,High
STU_3062,Nobody in our study group cares anymore; we have all checked out mentally.,Disengagement,Engagement,4,Negative,High
STU_2797,I feel like an absolute failure who cannot keep up with anyone in this department.,High Stress,Mental Well-being,5,Negative,High
STU_1312,The campus study spaces and library resources made exam preparation much smoother.,Positive,Library/Resources,1,Positive,Low
STU_1655,The course prerequisite list includes calculus and introductory programming.,Neutral,Course Content,3,Neutral,Medium
STU_1869,The grading criteria for the term paper were extremely vague and subjective.,Frustration,Examination,3,Negative,Medium
STU_1584,Lectures are recorded and uploaded to the student portal within 24 hours.,Neutral,Support,3,Neutral,Medium
STU_2416,The weekly reading workload exceeds 150 pages of dense academic papers on top of coding labs.,Overload,Workload,5,Negative,High
STU_2054,I am definitely not happy with the way this midterm was graded.,Frustration,Examination,3,Negative,Medium
STU_2789,The academic dread is so intense that I cannot concentrate on anything anymore.,High Stress,Mental Well-being,5,Negative,High
STU_2184,The weekly reading workload exceeds 150 pages of dense academic papers on top of coding labs.,Overload,Workload,4,Negative,High
STU_2227,Too many mandatory group meetings and simultaneous milestone submissions this month.,Overload,Workload,5,Negative,High
STU_2794,I am having severe anxiety and panic attacks because of the upcoming final exam.,High Stress,Mental Well-being,4,Negative,High
STU_2814,The constant pressure and harsh grading have completely destroyed my mental health this term.,High Stress,Mental Well-being,5,Negative,High
STU_1716,Office hour queues are two hours long and TA runs out of time before seeing half the students.,Frustration,Support,5,Negative,High
STU_1210,The weekly quizzes gave immediate feedback that helped me stay on track throughout the term.,Positive,Examination,2,Positive,Low
STU_2970,I gave up trying to understand the proofs weeks ago; there is no support available.,Disengagement,Engagement,3,Negative,Medium
STU_2413,Five different assignments due on Sunday night while working part-time is completely unsustainable.,Overload,Workload,4,Negative,High
STU_3097,I feel completely detached from this subject; I'm just guessing on quizzes to get it over with.,Disengagement,Engagement,4,Negative,High
STU_2607,I feel like an absolute failure who cannot keep up with anyone in this department.,High Stress,Mental Well-being,5,Negative,High
STU_2113,The sheer volume of homework prevents me from sleeping more than four hours a night.,Overload,Workload,5,Negative,High
STU_2161,The workload in this 3-credit curriculum feels like a full-time 12-credit program.,Overload,Workload,5,Negative,High
STU_2596,Severe burnout and depression are making it impossible to even get out of bed for class.,High Stress,Mental Well-being,4,Negative,High
STU_1339,Office hours were incredibly helpful. The teaching assistants always took time to help us debug.,Positive,Support,1,Positive,Low
STU_1158,The grading rubric was transparent and fair for all midterm projects.,Positive,Examination,1,Positive,Low
STU_1746,I cannot understand why the grading took four weeks without any updates.,Frustration,Support,4,Negative,High
STU_2256,We are assigned new complex chapters right during midterms week with no extension.,Overload,Workload,4,Negative,High
STU_2625,I feel like an absolute failure who cannot keep up with anyone in this department.,High Stress,Mental Well-being,5,Negative,High
STU_1024,"The exam was not difficult; in fact, it was very fair and well designed.",Positive,Examination,1,Positive,Low
STU_2860,Failing this exam will cost me my scholarship and visa; the stress is paralyzing me.,High Stress,Mental Well-being,5,Negative,High
STU_2521,I am having severe anxiety and panic attacks because of the upcoming final exam.,High Stress,Mental Well-being,5,Negative,High
STU_1786,Lecture slides are just copied directly from the textbook with zero additional explanation.,Frustration,Teaching,3,Negative,Medium
STU_1551,"The final grade consists of 40% assignments, 30% midterm, and 30% final exam.",Neutral,Examination,3,Neutral,Medium
STU_2735,I am experiencing chest tightness and insomnia every time I think about my GPA.,High Stress,Mental Well-being,5,Negative,High
STU_2382,Five different assignments due on Sunday night while working part-time is completely unsustainable.,Overload,Workload,4,Negative,High
STU_2428,We are assigned new complex chapters right during midterms week with no extension.,Overload,Workload,4,Negative,High
STU_1981,Confusing instructions on the final project caused our entire group to lose points unfairly.,Frustration,Course Content,4,Negative,High
STU_1430,Lectures are recorded and uploaded to the student portal within 24 hours.,Neutral,Support,3,Neutral,Medium
STU_1231,Brilliant lectures! Teacher always connects academic theories with real-world industry case studies.,Positive,Teaching,1,Positive,Low
STU_2841,Failing this exam will cost me my scholarship and visa; the stress is paralyzing me.,High Stress,Mental Well-being,5,Negative,High
STU_1364,The campus study spaces and library resources made exam preparation much smoother.,Positive,Library/Resources,2,Positive,Low
STU_2147,Each problem set takes over 25 hours to complete; there is no time left for other courses.,Overload,Workload,5,Negative,High
STU_2425,The workload in this 3-credit course feels like a full-time 12-credit program.,Overload,Workload,5,Negative,High
STU_1010,I really enjoyed the hands-on lab sessions this semester; they made theoretical concepts easy to grasp.,Positive,Lab Work,1,Positive,Low
STU_1965,Confusing instructions on the final project caused our entire group to lose points unfairly.,Frustration,Course Content,4,Negative,High
STU_1132,I do not feel stressed anymore thanks to the clear explanations in class.,Positive,Teaching,1,Positive,Low
STU_1592,The class syllabus was distributed on the first day of class as scheduled.,Neutral,Course Content,3,Neutral,Medium
STU_2693,I feel completely overwhelmed and hopeless about passing this course despite studying constantly.,High Stress,Mental Well-being,5,Negative,High
STU_1860,I cannot understand why the grading took four weeks without any updates.,Frustration,Support,3,Negative,Medium
STU_2911,Lectures are so boring and uninspired that everyone just browses their phones in silence.,Disengagement,Engagement,2,Negative,Low
STU_1572,Reference materials are available in the university library reserve section.,Neutral,Library/Resources,2,Neutral,Low
STU_1461,Homework is submitted via the online learning management system by Sunday midnight.,Neutral,Course Content,4,Neutral,High
STU_2033,"Teaching assistants took over a month to return our graded homework, leaving us blind for midterms.",Frustration,Support,4,Negative,High
STU_1769,Students are not happy with the sudden change in exam format.,Frustration,Examination,5,Negative,High
STU_1428,The schedule for office hours was updated on the main dashboard.,Neutral,Support,3,Neutral,Medium
STU_2469,Five different assignments due on Sunday night while working part-time is completely unsustainable.,Overload,Workload,5,Negative,High
STU_1936,Lecture slides are just copied directly from the textbook with zero additional explanation.,Frustration,Teaching,2,Negative,Low
STU_1193,I do not feel stressed anymore thanks to the clear explanations in class.,Positive,Teaching,1,Positive,Low
STU_2837,The constant pressure and harsh grading have completely destroyed my mental health this term.,High Stress,Mental Well-being,4,Negative,High
STU_1088,Brilliant lectures! Professor always connects academic theories with real-world industry case studies.,Positive,Teaching,2,Positive,Low
STU_1349,The professor explains complex algorithms with great clarity and patience.,Positive,Teaching,1,Positive,Low
STU_1473,Homework is submitted via the online learning management system by Sunday midnight.,Neutral,Course Content,3,Neutral,Medium
STU_2683,I am experiencing chest tightness and insomnia every time I think about my GPA.,High Stress,Mental Well-being,5,Negative,High
STU_2216,Each problem set takes over 25 hours to complete; there is no time left for other courses.,Overload,Workload,5,Negative,High
STU_1566,The midterm exam covered chapters 1 through 5 of the textbook.,Neutral,Examination,2,Neutral,Low
STU_2397,Five different assignments due on Sunday night while working part-time is completely unsustainable.,Overload,Workload,4,Negative,High
STU_2913,I don't even bother opening the textbook anymore because the course feels so irrelevant.,Disengagement,Engagement,3,Negative,Medium
STU_2654,I feel like an absolute failure who cannot keep up with anyone in this department.,High Stress,Mental Well-being,5,Negative,High
STU_1881,The pace of the class is erratic—rushing through hardest topics in the last ten minutes.,Frustration,Teaching,3,Negative,Medium
STU_2399,The sheer volume of homework prevents me from sleeping more than four hours a night.,Overload,Workload,5,Negative,High
STU_1768,Confusing instructions on the final project caused our entire group to lose points unfairly.,Frustration,Course Content,5,Negative,High
STU_2169,Five different assignments due on Sunday night while working part-time is completely unsustainable.,Overload,Workload,5,Negative,High
STU_1233,The campus study spaces and library resources made exam preparation much smoother.,Positive,Library/Resources,1,Positive,Low
STU_1945,Lecture slides are just copied directly from the textbook with zero additional explanation.,Frustration,Teaching,3,Negative,Medium
STU_1408,"The final grade consists of 40% assignments, 30% midterm, and 30% final exam.",Neutral,Examination,3,Neutral,Medium
STU_1924,I am not happy with how disorganized the professor is with homework deadlines.,Frustration,Course Content,4,Negative,High
STU_1845,Emails sent to the curriculum instructor are routinely ignored for weeks.,Frustration,Support,3,Negative,Medium
STU_1670,The midterm exam covered chapters 1 through 5 of the textbook.,Neutral,Examination,3,Neutral,Medium
STU_2583,Severe burnout and depression are making it impossible to even get out of bed for class.,High Stress,Mental Well-being,5,Negative,High
STU_1013,Office hours were incredibly helpful. The teaching assistants always took time to help us debug.,Positive,Support,1,Positive,Low
STU_2559,The academic dread is so intense that I cannot concentrate on anything anymore.,High Stress,Mental Well-being,4,Negative,High
STU_1776,I cannot understand why the grading took four weeks without any updates.,Frustration,Support,5,Negative,High
STU_2494,I feel like an absolute failure who cannot keep up with anyone in this department.,High Stress,Mental Well-being,5,Negative,High
STU_1416,Lectures are recorded and uploaded to the student portal within 24 hours.,Neutral,Support,3,Neutral,Medium
STU_2742,I am having severe anxiety and panic attacks because of the upcoming final midterm.,High Stress,Mental Well-being,4,Negative,High
STU_2839,Severe burnout and depression are making it impossible to even get out of bed for class.,High Stress,Mental Well-being,5,Negative,High
STU_1289,Very engaging teaching style! Kept all students motivated even during morning lectures.,Positive,Teaching,1,Positive,Low
STU_1307,The weekly quizzes gave immediate feedback that helped me stay on track throughout the term.,Positive,Examination,2,Positive,Low
STU_2270,We are assigned new complex chapters right during midterms week with no extension.,Overload,Workload,4,Negative,High
STU_1268,Excellent balance between theoretical mathematics and practical engineering applications.,Positive,Course Content,3,Positive,Medium
STU_1557,"The final grade consists of 40% assignments, 30% midterm, and 30% final exam.",Neutral,Examination,4,Neutral,High
STU_1758,We were tested on material that was never discussed in class or assigned in readings.,Frustration,Examination,4,Negative,High
STU_2871,I am experiencing chest tightness and insomnia every time I think about my GPA.,High Stress,Mental Well-being,5,Negative,High
STU_2236,The sheer volume of homework prevents me from sleeping more than four hours a night.,Overload,Workload,5,Negative,High
STU_1142,"The midterm was not tough; in fact, it was very fair and well designed.",Positive,Examination,2,Positive,Low
STU_1619,Textbook chapter summaries are provided at the end of each slide deck.,Neutral,Course Content,3,Neutral,Medium
STU_2237,Each problem set takes over 25 hours to complete; there is no time left for other courses.,Overload,Workload,5,Negative,High
STU_2126,Impossible expectations: coding an entire web app from scratch in 3 days with no starter code.,Overload,Workload,5,Negative,High
STU_2075,Students are not happy with the sudden change in exam format.,Frustration,Examination,4,Negative,High
STU_2047,Lecture slides are just copied directly from the textbook with zero additional explanation.,Frustration,Teaching,3,Negative,Medium
STU_2099,The sheer volume of homework prevents me from sleeping more than four hours a night.,Overload,Workload,5,Negative,High
STU_2600,I am experiencing chest tightness and insomnia every time I think about my GPA.,High Stress,Mental Well-being,5,Negative,High
STU_2679,Severe burnout and depression are making it impossible to even get out of bed for class.,High Stress,Mental Well-being,5,Negative,High
STU_2993,Skipped the last three assignments because the mental hurdle of starting felt pointless.,Disengagement,Engagement,5,Negative,High
STU_1338,The weekly quizzes gave immediate feedback that helped me stay on track throughout the term.,Positive,Examination,1,Positive,Low
STU_2460,The workload in this 3-credit course feels like a full-time 12-credit program.,Overload,Workload,4,Negative,High
STU_1202,"The exam was not difficult; in fact, it was very fair and well designed.",Positive,Examination,1,Positive,Low
STU_3053,Skipped the last three assignments because the mental hurdle of starting felt pointless.,Disengagement,Engagement,5,Negative,High
STU_1206,Very engaging teaching style! Kept all students motivated even during morning lectures.,Positive,Teaching,1,Positive,Low
STU_2029,I cannot understand why the grading took four weeks without any updates.,Frustration,Support,4,Negative,High
STU_1040,I do not feel stressed anymore thanks to the clear explanations in class.,Positive,Teaching,1,Positive,Low
STU_2246,Too many mandatory group meetings and simultaneous milestone submissions this month.,Overload,Workload,3,Negative,Medium
STU_1074,Very engaging teaching style! Kept all students motivated even during morning lectures.,Positive,Teaching,1,Positive,Low
STU_1949,Students are not happy with the sudden change in exam format.,Frustration,Examination,4,Negative,High
STU_1101,"Feedback on homework was detailed and constructive, helping me improve each week.",Positive,Teaching,1,Positive,Low
STU_3049,I don't even bother opening the textbook anymore because the course feels so irrelevant.,Disengagement,Engagement,3,Negative,Medium
STU_2455,We are assigned new complex chapters right during midterms week with no extension.,Overload,Workload,4,Negative,High
STU_2245,Five different assignments due on Sunday night while working part-time is completely unsustainable.,Overload,Workload,4,Negative,High
STU_1081,The grading rubric was transparent and fair for all midterm projects.,Positive,Examination,1,Positive,Low
STU_1660,Textbook chapter summaries are provided at the end of each slide deck.,Neutral,Course Content,1,Neutral,Low
STU_3004,I don't even bother opening the textbook anymore because the course feels so irrelevant.,Disengagement,Engagement,3,Negative,Medium
STU_1526,The course syllabus was distributed on the first day of class as scheduled.,Neutral,Course Content,3,Neutral,Medium
STU_2427,Five different assignments due on Sunday night while working part-time is completely unsustainable.,Overload,Workload,5,Negative,High
STU_2680,The constant pressure and harsh grading have completely destroyed my mental health this term.,High Stress,Mental Well-being,4,Negative,High
STU_1085,I really enjoyed the hands-on lab sessions this semester; they made theoretical concepts easy to grasp.,Positive,Lab Work,2,Positive,Low
STU_1368,I am not overwhelmed at all now that the TA helped clarify the project roadmap.,Positive,Support,1,Positive,Low
STU_1078,The professor is extremely approachable and responds to student emails within hours.,Positive,Support,1,Positive,Low
STU_2783,I am having severe anxiety and panic attacks because of the upcoming final test.,High Stress,Mental Well-being,4,Negative,High
STU_3063,Lectures are so boring and uninspired that everyone just browses their phones in silence.,Disengagement,Engagement,2,Negative,Low
STU_2894,I feel completely detached from this subject; I'm just guessing on quizzes to get it over with.,Disengagement,Engagement,3,Negative,Medium
STU_2217,Impossible expectations: coding an entire web app from scratch in 3 days with no starter code.,Overload,Workload,4,Negative,High
STU_1890,Students are not happy with the sudden change in quiz format.,Frustration,Examination,4,Negative,High
STU_2087,The sheer volume of homework prevents me from sleeping more than four hours a night.,Overload,Workload,5,Negative,High
STU_1392,Brilliant lectures! Professor always connects academic theories with real-world industry case studies.,Positive,Teaching,1,Positive,Low
STU_1280,I am not drowning in work at all now that the TA helped clarify the project roadmap.,Positive,Support,1,Positive,Low
STU_2819,The constant pressure and harsh grading have completely destroyed my mental health this term.,High Stress,Mental Well-being,5,Negative,High
STU_1510,"The final grade consists of 40% assignments, 30% midterm, and 30% final exam.",Neutral,Examination,3,Neutral,Medium
STU_2669,Severe burnout and depression are making it impossible to even get out of bed for class.,High Stress,Mental Well-being,5,Negative,High
STU_1377,The professor is extremely approachable and responds to student emails within hours.,Positive,Support,2,Positive,Low
STU_1419,The subject syllabus was distributed on the first day of class as scheduled.,Neutral,Course Content,2,Neutral,Low
STU_1443,The midterm exam covered chapters 1 through 5 of the textbook.,Neutral,Examination,2,Neutral,Low
STU_2898,Skipped the last three assignments because the mental hurdle of starting felt pointless.,Disengagement,Engagement,4,Negative,High
STU_1462,Lectures are recorded and uploaded to the student portal within 24 hours.,Neutral,Support,2,Neutral,Low
STU_2028,Lecture slides are just copied directly from the textbook with zero additional explanation.,Frustration,Teaching,3,Negative,Medium
STU_2308,Impossible expectations: coding an entire web app from scratch in 3 days with no starter code.,Overload,Workload,5,Negative,High
STU_2421,Impossible expectations: coding an entire web app from scratch in 3 days with no starter code.,Overload,Workload,5,Negative,High
STU_2384,The sheer volume of homework prevents me from sleeping more than four hours a night.,Overload,Workload,5,Negative,High
STU_2440,The workload in this 3-credit course feels like a full-time 12-credit program.,Overload,Workload,5,Negative,High
STU_2886,I don't even bother opening the textbook anymore because the course feels so irrelevant.,Disengagement,Engagement,3,Negative,Medium
STU_2808,I am having severe anxiety and panic attacks because of the upcoming final exam.,High Stress,Mental Well-being,4,Negative,High
STU_2340,Each problem set takes over 25 hours to complete; there is no time left for other courses.,Overload,Workload,4,Negative,High
STU_1361,Group assignments encouraged great teamwork and problem-solving skills.,Positive,Course Content,2,Positive,Low
STU_1892,The pace of the class is erratic—rushing through hardest topics in the last ten minutes.,Frustration,Teaching,4,Negative,High
STU_1456,Homework is submitted via the online learning management system by Sunday midnight.,Neutral,Course Content,2,Neutral,Low
STU_1303,The weekly quizzes gave immediate feedback that helped me stay on track throughout the term.,Positive,Examination,2,Positive,Low
STU_1857,The professor reads monotone slides without ever looking up or answering chat questions.,Frustration,Teaching,3,Negative,Medium
STU_2388,Too many mandatory group meetings and simultaneous milestone submissions this month.,Overload,Workload,5,Negative,High
STU_1138,The weekly quizzes gave immediate feedback that helped me stay on track throughout the term.,Positive,Examination,1,Positive,Low
STU_2604,I feel suffocated by academic deadlines; I don't know who to talk to and feel totally alone.,High Stress,Mental Well-being,5,Negative,High
STU_2873,I haven't slept properly in two weeks and feel like breaking down crying every single day.,High Stress,Mental Well-being,5,Negative,High
STU_2581,The academic dread is so intense that I cannot concentrate on anything anymore.,High Stress,Mental Well-being,5,Negative,High
STU_1917,The online submission portal crashed right before the project deadline.,Frustration,Support,5,Negative,High
STU_3036,Lectures are so boring and uninspired that everyone just browses their phones in silence.,Disengagement,Engagement,3,Negative,Medium
STU_1586,Discussion forums are moderated by graduate teaching assistants.,Neutral,Support,3,Neutral,Medium
STU_1387,The professor is immensely approachable and responds to student emails within hours.,Positive,Support,1,Positive,Low
STU_2288,Impossible expectations: coding an entire web app from scratch in 3 days with no starter code.,Overload,Workload,4,Negative,High
STU_2491,I feel like an absolute failure who cannot keep up with anyone in this department.,High Stress,Mental Well-being,5,Negative,High
STU_1224,I am not overwhelmed at all now that the TA helped clarify the project roadmap.,Positive,Support,1,Positive,Low
STU_1406,Reference materials are available in the university library reserve section.,Neutral,Library/Resources,2,Neutral,Low
STU_1241,The weekly quizzes gave immediate feedback that helped me stay on track throughout the term.,Positive,Examination,3,Positive,Medium
STU_2153,Each problem set takes over 25 hours to complete; there is no time left for other courses.,Overload,Workload,5,Negative,High
STU_2096,The sheer volume of homework prevents me from sleeping more than four hours a night.,Overload,Workload,5,Negative,High
STU_2954,I feel completely detached from this subject; I'm just guessing on quizzes to get it over with.,Disengagement,Engagement,4,Negative,High
STU_1213,The grading rubric was transparent and fair for all midterm projects.,Positive,Examination,2,Positive,Low
STU_2825,I am experiencing chest tightness and insomnia every time I think about my GPA.,High Stress,Mental Well-being,5,Negative,High
STU_1666,The course prerequisite list includes calculus and introductory programming.,Neutral,Course Content,2,Neutral,Low
STU_1598,The course prerequisite list includes calculus and introductory programming.,Neutral,Course Content,1,Neutral,Low
STU_2756,I haven't slept properly in two weeks and feel like breaking down crying every single day.,High Stress,Mental Well-being,5,Negative,High
STU_1654,The course prerequisite list includes calculus and introductory programming.,Neutral,Course Content,1,Neutral,Low
STU_2050,The grading criteria for the term paper were immensely vague and subjective.,Frustration,Examination,4,Negative,High
STU_2925,"Just going through the motions to get a passing grade, zero actual learning or interest.",Disengagement,Engagement,3,Negative,Medium
STU_1275,Group assignments encouraged great teamwork and problem-solving skills.,Positive,Course Content,2,Positive,Low
STU_1486,Discussion forums are moderated by graduate teaching assistants.,Neutral,Support,3,Neutral,Medium
STU_2453,Impossible expectations: coding an entire web app from scratch in 3 days with no starter code.,Overload,Workload,4,Negative,High
STU_2619,I feel completely overwhelmed and hopeless about passing this course despite studying constantly.,High Stress,Mental Well-being,5,Negative,High
STU_2609,Failing this exam will cost me my scholarship and visa; the stress is paralyzing me.,High Stress,Mental Well-being,5,Negative,High
STU_2706,I feel completely overwhelmed and hopeless about passing this course despite studying constantly.,High Stress,Mental Well-being,5,Negative,High
STU_1539,Lab sessions are held every Thursday afternoon for two hours.,Neutral,Lab Work,1,Neutral,Low
STU_1383,The professor is extremely approachable and responds to student emails within hours.,Positive,Support,1,Positive,Low
STU_1730,I am definitely not happy with the way this midterm was graded.,Frustration,Examination,4,Negative,High
STU_1330,I really enjoyed the hands-on lab sessions this semester; they made theoretical concepts easy to grasp.,Positive,Lab Work,1,Positive,Low
STU_2513,I am having severe anxiety and panic attacks because of the upcoming final exam.,High Stress,Mental Well-being,5,Negative,High
STU_2878,The academic dread is so intense that I cannot concentrate on anything anymore.,High Stress,Mental Well-being,5,Negative,High
STU_3084,I gave up trying to understand the proofs weeks ago; there is no support available.,Disengagement,Engagement,3,Negative,Medium
STU_1511,The course prerequisite list includes calculus and introductory programming.,Neutral,Course Content,2,Neutral,Low
STU_1939,"Teaching assistants took over a month to return our graded homework, leaving us blind for midterms.",Frustration,Support,5,Negative,High
STU_1522,Textbook chapter summaries are provided at the end of each slide deck.,Neutral,Course Content,3,Neutral,Medium
STU_2879,I am experiencing chest tightness and insomnia every time I think about my GPA.,High Stress,Mental Well-being,4,Negative,High
STU_1661,The schedule for office hours was updated on the main dashboard.,Neutral,Support,1,Neutral,Low
STU_2024,We were tested on material that was never discussed in class or assigned in readings.,Frustration,Examination,5,Negative,High
STU_1398,"Feedback on homework was detailed and constructive, helping me improve each week.",Positive,Teaching,2,Positive,Low
STU_2316,We are assigned new complex chapters right during midterms week with no extension.,Overload,Workload,5,Negative,High
STU_2315,Each problem set takes over 25 hours to complete; there is no time left for other courses.,Overload,Workload,5,Negative,High
STU_2966,I have completely lost motivation and stopped attending lectures because nothing makes sense.,Disengagement,Engagement,2,Negative,Low
STU_1630,Weekly attendance is tracked using the digital portal at the start of class.,Neutral,Teaching,2,Neutral,Low
STU_1680,"The final grade consists of 40% assignments, 30% midterm, and 30% final final evaluation.",Neutral,Examination,4,Neutral,High
STU_2277,Impossible expectations: coding an entire web app from scratch in 3 days with no starter code.,Overload,Workload,5,Negative,High
STU_1482,The midterm exam covered chapters 1 through 5 of the textbook.,Neutral,Examination,3,Neutral,Medium
STU_1804,The pace of the class is erratic—rushing through hardest topics in the last ten minutes.,Frustration,Teaching,5,Negative,High
STU_1084,The grading rubric was transparent and fair for all midterm projects.,Positive,Examination,1,Positive,Low
STU_3082,Skipped the last three assignments because the mental hurdle of starting felt pointless.,Disengagement,Engagement,4,Negative,High
STU_2754,I feel completely overwhelmed and hopeless about passing this course despite studying constantly.,High Stress,Mental Well-being,5,Negative,High
STU_1501,Weekly attendance is tracked using the digital portal at the start of class.,Neutral,Teaching,2,Neutral,Low
STU_2434,Too many mandatory group meetings and simultaneous milestone submissions this month.,Overload,Workload,4,Negative,High
STU_2772,I feel like an absolute failure who cannot keep up with anyone in this department.,High Stress,Mental Well-being,5,Negative,High
STU_1521,Discussion forums are moderated by graduate teaching assistants.,Neutral,Support,2,Neutral,Low
STU_2593,The constant pressure and harsh grading have completely destroyed my mental health this term.,High Stress,Mental Well-being,5,Negative,High
STU_1130,The campus study spaces and library resources made exam preparation much smoother.,Positive,Library/Resources,1,Positive,Low
STU_2887,I feel completely detached from this subject; I'm just guessing on quizzes to get it over with.,Disengagement,Engagement,3,Negative,Medium
STU_2275,Impossible expectations: coding an entire web app from scratch in 3 days with no starter code.,Overload,Workload,5,Negative,High
STU_1815,Lecture slides are just copied directly from the textbook with zero additional explanation.,Frustration,Teaching,2,Negative,Low
STU_2690,I haven't slept properly in two weeks and feel like breaking down crying every single day.,High Stress,Mental Well-being,5,Negative,High
STU_2983,Skipped the last three assignments because the mental hurdle of starting felt pointless.,Disengagement,Engagement,5,Negative,High
STU_3096,"Just going through the motions to get a passing grade, zero actual learning or interest.",Disengagement,Engagement,2,Negative,Low
STU_1336,Very engaging teaching style! Kept all students motivated even during morning lectures.,Positive,Teaching,1,Positive,Low
STU_2823,I feel like an absolute failure who cannot keep up with anyone in this department.,High Stress,Mental Well-being,4,Negative,High
STU_2532,I am experiencing chest tightness and insomnia every time I think about my GPA.,High Stress,Mental Well-being,5,Negative,High
STU_2130,We are assigned new complex chapters right during midterms week with no extension.,Overload,Workload,4,Negative,High
STU_2900,Nobody in our study group cares anymore; we have all checked out mentally.,Disengagement,Engagement,2,Negative,Low
STU_2179,Continuous back-to-back assignments leave zero breathing room for revision or proper understanding.,Overload,Workload,4,Negative,High
STU_1194,I am not stressed at all because the lecturer provided excellent prep materials.,Positive,Teaching,2,Positive,Low
STU_1602,The midterm exam covered chapters 1 through 5 of the textbook.,Neutral,Examination,2,Neutral,Low
STU_1631,Reference materials are available in the university library reserve section.,Neutral,Library/Resources,2,Neutral,Low
STU_2612,The constant pressure and harsh grading have completely destroyed my mental health this term.,High Stress,Mental Well-being,4,Negative,High
STU_2185,Having three heavy project deadlines and two midterms in the exact same 48 hours is impossible.,Overload,Workload,4,Negative,High
STU_2471,Too many mandatory group meetings and simultaneous milestone submissions this month.,Overload,Workload,3,Negative,Medium
STU_2418,Five different assignments due on Sunday night while working part-time is completely unsustainable.,Overload,Workload,5,Negative,High
STU_2542,The constant pressure and harsh grading have completely destroyed my mental health this term.,High Stress,Mental Well-being,5,Negative,High
STU_2041,I am not happy with how disorganized the professor is with homework deadlines.,Frustration,Course Content,5,Negative,High
STU_1326,Office hours were incredibly clear. The teaching assistants always took time to help us debug.,Positive,Support,1,Positive,Low
STU_3039,"Just going through the motions to get a passing grade, zero actual learning or interest.",Disengagement,Engagement,2,Negative,Low
STU_1712,The online submission portal crashed right before the assignment deadline.,Frustration,Support,5,Negative,High
STU_2698,The academic dread is so intense that I cannot concentrate on anything anymore.,High Stress,Mental Well-being,5,Negative,High
STU_1546,Reference materials are available in the university library reserve section.,Neutral,Library/Resources,3,Neutral,Medium
STU_2629,I feel completely overwhelmed and hopeless about passing this course despite studying constantly.,High Stress,Mental Well-being,5,Negative,High
STU_1195,I am not stressed at all because the professor provided excellent prep materials.,Positive,Teaching,1,Positive,Low
STU_1814,Lab equipment is outdated and half the software licenses are expired.,Frustration,Lab Work,3,Negative,Medium
STU_2118,The sheer volume of homework prevents me from sleeping more than four hours a night.,Overload,Workload,4,Negative,High
STU_1904,Lecture slides are just copied directly from the textbook with zero additional explanation.,Frustration,Teaching,3,Negative,Medium
STU_1148,"The final evaluation was not tough; in fact, it was very fair and well designed.",Positive,Examination,1,Positive,Low
STU_1122,The weekly quizzes gave immediate feedback that helped me stay on track throughout the term.,Positive,Examination,2,Positive,Low
STU_2855,Severe burnout and depression are making it impossible to even get out of bed for class.,High Stress,Mental Well-being,5,Negative,High
STU_1729,I am not happy with how disorganized the professor is with homework deadlines.,Frustration,Course Content,4,Negative,High
STU_3068,"Just going through the motions to get a passing grade, zero actual learning or interest.",Disengagement,Engagement,2,Negative,Low
STU_1445,Discussion forums are moderated by graduate teaching assistants.,Neutral,Support,2,Neutral,Low
STU_1903,I am definitely not happy with the way this midterm was graded.,Frustration,Examination,5,Negative,High
STU_2759,The academic dread is so intense that I cannot concentrate on anything anymore.,High Stress,Mental Well-being,5,Negative,High
STU_2922,Skipped the last three assignments because the mental hurdle of starting felt pointless.,Disengagement,Engagement,4,Negative,High
STU_1540,"The final grade consists of 40% assignments, 30% midterm, and 30% final exam.",Neutral,Examination,3,Neutral,Medium
STU_2123,We are assigned new complex chapters right during midterms week with no extension.,Overload,Workload,4,Negative,High
STU_1677,Textbook chapter summaries are provided at the end of each slide deck.,Neutral,Course Content,2,Neutral,Low
STU_1382,"Loved the practical coding assignments, they gave me confidence for upcoming software internships.",Positive,Course Content,1,Positive,Low
STU_2640,I feel suffocated by academic deadlines; I don't know who to talk to and feel totally alone.,High Stress,Mental Well-being,4,Negative,High
STU_1379,"Loved the practical coding assignments, they gave me confidence for upcoming software internships.",Positive,Course Content,1,Positive,Low
STU_1246,"Feedback on homework was detailed and constructive, helping me improve each week.",Positive,Teaching,1,Positive,Low
STU_2712,I feel suffocated by academic deadlines; I don't know who to talk to and feel totally alone.,High Stress,Mental Well-being,5,Negative,High
STU_2958,"Just going through the motions to get a passing grade, zero actual learning or interest.",Disengagement,Engagement,1,Negative,Low
STU_2560,I am experiencing chest tightness and insomnia every time I think about my GPA.,High Stress,Mental Well-being,5,Negative,High
STU_1959,The online submission portal crashed right before the assignment deadline.,Frustration,Support,4,Negative,High
STU_2450,Impossible expectations: coding an entire web app from scratch in 3 days with no starter code.,Overload,Workload,4,Negative,High
STU_1114,Excellent balance between theoretical mathematics and practical engineering applications.,Positive,Course Content,3,Positive,Medium
STU_2517,I am experiencing chest tightness and insomnia every time I think about my GPA.,High Stress,Mental Well-being,5,Negative,High
STU_1807,The professor reads monotone slides without ever looking up or answering chat questions.,Frustration,Teaching,3,Negative,Medium
STU_1671,The course syllabus was distributed on the first day of class as scheduled.,Neutral,Course Content,2,Neutral,Low
STU_1389,Office hours were incredibly helpful. The teaching assistants always took time to help us debug.,Positive,Support,1,Positive,Low
STU_2622,Severe burnout and depression are making it impossible to even get out of bed for class.,High Stress,Mental Well-being,4,Negative,High
STU_1694,The instructor reads monotone slides without ever looking up or answering chat questions.,Frustration,Teaching,3,Negative,Medium
STU_2740,I am having severe anxiety and panic attacks because of the upcoming final exam.,High Stress,Mental Well-being,4,Negative,High
STU_2306,Having three heavy project deadlines and two midterms in the exact same 48 hours is impossible.,Overload,Workload,4,Negative,High
STU_2784,I am experiencing chest tightness and insomnia every time I think about my GPA.,High Stress,Mental Well-being,5,Negative,High
STU_2507,The academic dread is so intense that I cannot concentrate on anything anymore.,High Stress,Mental Well-being,4,Negative,High
STU_2332,The sheer volume of homework prevents me from sleeping more than four hours a night.,Overload,Workload,4,Negative,High
STU_2479,The weekly reading workload exceeds 150 pages of dense academic papers on top of coding labs.,Overload,Workload,4,Negative,High
STU_1181,Office hours were incredibly helpful. The teaching assistants always took time to help us debug.,Positive,Support,1,Positive,Low
STU_1023,The campus study spaces and library resources made quiz preparation much smoother.,Positive,Library/Resources,1,Positive,Low
STU_2553,I am experiencing chest tightness and insomnia every time I think about my GPA.,High Stress,Mental Well-being,5,Negative,High
STU_2446,Five different assignments due on Sunday night while working part-time is completely unsustainable.,Overload,Workload,5,Negative,High
STU_2892,Lectures are so boring and uninspired that everyone just browses their phones in silence.,Disengagement,Engagement,3,Negative,Medium
STU_1568,Lab sessions are held every Thursday afternoon for two hours.,Neutral,Lab Work,2,Neutral,Low
STU_2769,Severe burnout and depression are making it impossible to even get out of bed for class.,High Stress,Mental Well-being,5,Negative,High
STU_1348,The grading rubric was transparent and fair for all midterm projects.,Positive,Examination,1,Positive,Low
STU_1995,We were tested on material that was never discussed in class or assigned in readings.,Frustration,Examination,4,Negative,High
STU_1737,Students are not happy with the sudden change in exam format.,Frustration,Examination,5,Negative,High
STU_2865,The academic dread is so intense that I cannot concentrate on anything anymore.,High Stress,Mental Well-being,4,Negative,High
STU_2700,I am having severe anxiety and panic attacks because of the upcoming final exam.,High Stress,Mental Well-being,4,Negative,High
STU_1225,I do not feel stressed anymore thanks to the clear explanations in class.,Positive,Teaching,1,Positive,Low
STU_1179,Office hours were incredibly helpful. The teaching assistants always took time to help us debug.,Positive,Support,1,Positive,Low
STU_1291,Very engaging teaching style! Kept all students motivated even during morning lectures.,Positive,Teaching,1,Positive,Low
STU_2358,Having three heavy project deadlines and two midterms in the exact same 48 hours is impossible.,Overload,Workload,4,Negative,High
STU_2567,Failing this test will cost me my scholarship and visa; the stress is paralyzing me.,High Stress,Mental Well-being,4,Negative,High
STU_2013,"Teaching assistants took over a month to return our graded homework, leaving us blind for midterms.",Frustration,Support,3,Negative,Medium
STU_2923,I have completely lost motivation and stopped attending lectures because nothing makes sense.,Disengagement,Engagement,4,Negative,High
STU_2962,Lectures are so boring and uninspired that everyone just browses their phones in silence.,Disengagement,Engagement,3,Negative,Medium
STU_2405,Having three heavy project deadlines and two midterms in the exact same 48 hours is impossible.,Overload,Workload,5,Negative,High
STU_1784,Office hour queues are two hours long and TA runs out of time before seeing half the students.,Frustration,Support,5,Negative,High
STU_1935,I am not happy with how disorganized the faculty member is with homework deadlines.,Frustration,Course Content,3,Negative,Medium
STU_1600,The schedule for office hours was updated on the main dashboard.,Neutral,Support,3,Neutral,Medium
STU_2903,I feel completely detached from this subject; I'm just guessing on quizzes to get it over with.,Disengagement,Engagement,4,Negative,High
STU_1200,I am not overwhelmed at all now that the TA helped clarify the project roadmap.,Positive,Support,1,Positive,Low
STU_1451,Reference materials are available in the university library reserve section.,Neutral,Library/Resources,1,Neutral,Low
STU_2979,"Just going through the motions to get a passing grade, zero actual learning or interest.",Disengagement,Engagement,2,Negative,Low
STU_1146,Brilliant lectures! Professor always connects academic theories with real-world industry case studies.,Positive,Teaching,1,Positive,Low
STU_2057,Office hour queues are two hours long and TA runs out of time before seeing half the students.,Frustration,Support,5,Negative,High
STU_2844,I feel suffocated by academic deadlines; I don't know who to talk to and feel totally alone.,High Stress,Mental Well-being,5,Negative,High
STU_1031,Brilliant lectures! Professor always connects academic theories with real-world industry case studies.,Positive,Teaching,1,Positive,Low
STU_1367,The grading rubric was transparent and fair for all midterm projects.,Positive,Examination,1,Positive,Low
STU_2213,Impossible expectations: coding an entire web app from scratch in 3 days with no starter code.,Overload,Workload,4,Negative,High
STU_2198,The workload in this 3-credit course feels like a full-time 12-credit program.,Overload,Workload,5,Negative,High
STU_2967,Skipped the last three assignments because the mental hurdle of starting felt pointless.,Disengagement,Engagement,5,Negative,High
STU_1007,Excellent balance between theoretical mathematics and practical engineering applications.,Positive,Course Content,2,Positive,Low
STU_2893,Lectures are so boring and uninspired that everyone just browses their phones in silence.,Disengagement,Engagement,2,Negative,Low
STU_2355,Having three heavy project deadlines and two midterms in the exact same 48 hours is impossible.,Overload,Workload,3,Negative,Medium
STU_2547,The academic dread is so intense that I cannot concentrate on anything anymore.,High Stress,Mental Well-being,5,Negative,High
STU_1410,Textbook chapter summaries are provided at the end of each slide deck.,Neutral,Course Content,1,Neutral,Low
STU_2088,Having three heavy project deadlines and two midterms in the exact same 48 hours is impossible.,Overload,Workload,3,Negative,Medium
STU_2352,Each problem set takes over 25 hours to complete; there is no time left for other courses.,Overload,Workload,4,Negative,High
STU_2083,The workload in this 3-credit course feels like a full-time 12-credit program.,Overload,Workload,5,Negative,High
STU_1985,I cannot understand why the grading took four weeks without any updates.,Frustration,Support,5,Negative,High
STU_1490,The midterm exam covered chapters 1 through 5 of the textbook.,Neutral,Examination,3,Neutral,Medium
STU_1437,Reference materials are available in the university library reserve section.,Neutral,Library/Resources,2,Neutral,Low
STU_2495,Failing this midterm will cost me my scholarship and visa; the stress is paralyzing me.,High Stress,Mental Well-being,5,Negative,High
STU_1472,The midterm exam covered chapters 1 through 5 of the textbook.,Neutral,Examination,2,Neutral,Low
STU_1457,Lab sessions are held every Thursday afternoon for two hours.,Neutral,Lab Work,3,Neutral,Medium
STU_1008,The textbook recommendations and supplementary reading lists were top-notch.,Positive,Library/Resources,1,Positive,Low
STU_2876,I am experiencing chest tightness and insomnia every time I think about my GPA.,High Stress,Mental Well-being,4,Negative,High
STU_2931,I feel completely detached from this subject; I'm just guessing on quizzes to get it over with.,Disengagement,Engagement,3,Negative,Medium
STU_1087,The weekly quizzes gave immediate feedback that helped me stay on track throughout the term.,Positive,Examination,2,Positive,Low
STU_2554,I am having severe anxiety and panic attacks because of the upcoming final midterm.,High Stress,Mental Well-being,5,Negative,High
STU_1215,The grading rubric was transparent and fair for all midterm projects.,Positive,Examination,1,Positive,Low
STU_1333,The grading rubric was transparent and fair for all midterm projects.,Positive,Examination,2,Positive,Low
STU_1674,Discussion forums are moderated by graduate teaching assistants.,Neutral,Support,3,Neutral,Medium
STU_1858,Confusing instructions on the final project caused our entire group to lose points unfairly.,Frustration,Course Content,3,Negative,Medium
STU_1614,The schedule for office hours was updated on the main dashboard.,Neutral,Support,3,Neutral,Medium
STU_1688,Lecture slides are just copied directly from the textbook with zero additional explanation.,Frustration,Teaching,3,Negative,Medium
STU_1679,Discussion forums are moderated by graduate teaching assistants.,Neutral,Support,3,Neutral,Medium
STU_1958,There is no practice exam provided despite repeated requests from students.,Frustration,Examination,3,Negative,Medium
STU_2411,The workload in this 3-credit course feels like a full-time 12-credit program.,Overload,Workload,5,Negative,High
STU_3034,"Just going through the motions to get a passing grade, zero actual learning or interest.",Disengagement,Engagement,2,Negative,Low
STU_2261,Impossible expectations: coding an entire web app from scratch in 3 days with no starter code.,Overload,Workload,4,Negative,High
STU_1141,"Feedback on homework was detailed and constructive, helping me improve each week.",Positive,Teaching,1,Positive,Low
STU_2947,I have completely lost motivation and stopped attending lectures because nothing makes sense.,Disengagement,Engagement,2,Negative,Low
STU_1411,Lectures are recorded and uploaded to the student portal within 24 hours.,Neutral,Support,2,Neutral,Low
STU_1401,"The final grade consists of 40% assignments, 30% midterm, and 30% final quiz.",Neutral,Examination,2,Neutral,Low
STU_2661,I feel completely overwhelmed and hopeless about passing this course despite studying constantly.,High Stress,Mental Well-being,5,Negative,High
STU_2905,I have completely lost motivation and stopped attending lectures because nothing makes sense.,Disengagement,Engagement,2,Negative,Low
STU_2132,The weekly reading workload exceeds 150 pages of dense academic papers on top of coding labs.,Overload,Workload,4,Negative,High
STU_2767,I am experiencing chest tightness and insomnia every time I think about my GPA.,High Stress,Mental Well-being,4,Negative,High
STU_1487,The schedule for office hours was updated on the main dashboard.,Neutral,Support,2,Neutral,Low
STU_1118,I am not overwhelmed at all now that the TA helped clarify the project roadmap.,Positive,Support,1,Positive,Low
STU_1297,I really enjoyed the hands-on lab sessions this semester; they made theoretical concepts easy to grasp.,Positive,Lab Work,1,Positive,Low
STU_2660,Severe burnout and depression are making it impossible to even get out of bed for class.,High Stress,Mental Well-being,5,Negative,High
STU_1756,Confusing instructions on the final project caused our entire group to lose points unfairly.,Frustration,Course Content,5,Negative,High
STU_1597,The midterm exam covered chapters 1 through 5 of the textbook.,Neutral,Examination,4,Neutral,High
STU_1703,Students are not happy with the sudden change in exam format.,Frustration,Examination,4,Negative,High
STU_2986,Skipped the last three assignments because the mental hurdle of starting felt pointless.,Disengagement,Engagement,4,Negative,High
STU_3042,Nobody in our study group cares anymore; we have all checked out mentally.,Disengagement,Engagement,2,Negative,Low
STU_1302,I really enjoyed the hands-on lab sessions this semester; they made theoretical concepts easy to grasp.,Positive,Lab Work,1,Positive,Low
STU_2944,I feel completely detached from this subject; I'm just guessing on quizzes to get it over with.,Disengagement,Engagement,4,Negative,High
STU_1638,The course prerequisite list includes calculus and introductory programming.,Neutral,Course Content,3,Neutral,Medium
STU_2928,Lectures are so boring and uninspired that everyone just browses their phones in silence.,Disengagement,Engagement,3,Negative,Medium
STU_2051,Lab equipment is outdated and half the software licenses are expired.,Frustration,Lab Work,4,Negative,High
STU_2976,I don't even bother opening the textbook anymore because the course feels so irrelevant.,Disengagement,Engagement,2,Negative,Low
STU_1639,Lab sessions are held every Thursday afternoon for two hours.,Neutral,Lab Work,2,Neutral,Low
STU_2117,The workload in this 3-credit curriculum feels like a full-time 12-credit program.,Overload,Workload,5,Negative,High
STU_2295,Impossible expectations: coding an entire web app from scratch in 3 days with no starter code.,Overload,Workload,5,Negative,High
STU_1091,"The exam was not challenging; in fact, it was very fair and well designed.",Positive,Examination,1,Positive,Low
STU_1282,"Loved the practical coding assignments, they gave me confidence for upcoming software internships.",Positive,Course Content,2,Positive,Low
STU_1498,Weekly attendance is tracked using the digital portal at the start of class.,Neutral,Teaching,3,Neutral,Medium
STU_3092,I gave up trying to understand the proofs weeks ago; there is no support available.,Disengagement,Engagement,4,Negative,High
STU_2226,Continuous back-to-back assignments leave zero breathing room for revision or proper understanding.,Overload,Workload,3,Negative,Medium
STU_2569,I feel completely overwhelmed and hopeless about passing this course despite studying constantly.,High Stress,Mental Well-being,4,Negative,High
STU_1863,I am definitely not happy with the way this midterm was graded.,Frustration,Examination,5,Negative,High
STU_2799,The constant pressure and harsh grading have completely destroyed my mental health this term.,High Stress,Mental Well-being,4,Negative,High
STU_1525,The course syllabus was distributed on the first day of class as scheduled.,Neutral,Course Content,2,Neutral,Low
STU_2043,There is no practice exam provided despite repeated requests from students.,Frustration,Examination,3,Negative,Medium
STU_2704,I am having severe anxiety and panic attacks because of the upcoming final exam.,High Stress,Mental Well-being,5,Negative,High
STU_2287,Having three heavy project deadlines and two midterms in the exact same 48 hours is impossible.,Overload,Workload,5,Negative,High
STU_2468,The weekly reading workload exceeds 150 pages of dense academic papers on top of coding labs.,Overload,Workload,4,Negative,High
STU_1026,The weekly quizzes gave immediate feedback that helped me stay on track throughout the term.,Positive,Examination,3,Positive,Medium
STU_2938,Skipped the last three assignments because the mental hurdle of starting felt pointless.,Disengagement,Engagement,4,Negative,High
STU_1222,"Feedback on homework was detailed and constructive, helping me improve each week.",Positive,Teaching,1,Positive,Low
STU_2419,The sheer volume of homework prevents me from sleeping more than four hours a night.,Overload,Workload,5,Negative,High
STU_2257,The sheer volume of homework prevents me from sleeping more than four hours a night.,Overload,Workload,4,Negative,High
STU_2190,We are assigned new complex chapters right during midterms week with no extension.,Overload,Workload,4,Negative,High
STU_3065,Nobody in our study group cares anymore; we have all checked out mentally.,Disengagement,Engagement,3,Negative,Medium
STU_1054,Subject materials and lecture slides are well structured and easy to follow.,Positive,Course Content,1,Positive,Low
STU_1696,The pace of the class is erratic—rushing through hardest topics in the last ten minutes.,Frustration,Teaching,3,Negative,Medium
STU_2432,Too many mandatory group meetings and simultaneous milestone submissions this month.,Overload,Workload,4,Negative,High
STU_1877,Lab equipment is outdated and half the software licenses are expired.,Frustration,Lab Work,3,Negative,Medium
STU_1951,The online submission portal crashed right before the assignment deadline.,Frustration,Support,4,Negative,High
STU_1787,The professor reads monotone slides without ever looking up or answering chat questions.,Frustration,Teaching,4,Negative,High
STU_2585,I am experiencing chest tightness and insomnia every time I think about my GPA.,High Stress,Mental Well-being,5,Negative,High
STU_1022,The textbook recommendations and supplementary reading lists were top-notch.,Positive,Library/Resources,2,Positive,Low
STU_1478,"The final grade consists of 40% assignments, 30% midterm, and 30% final exam.",Neutral,Examination,3,Neutral,Medium
STU_1842,I am not happy with how disorganized the lecturer is with homework deadlines.,Frustration,Course Content,4,Negative,High
STU_1197,"The test was not difficult; in fact, it was very fair and well designed.",Positive,Examination,1,Positive,Low
STU_2394,Too many mandatory group meetings and simultaneous milestone submissions this month.,Overload,Workload,4,Negative,High
STU_1782,We were tested on material that was never discussed in class or assigned in readings.,Frustration,Examination,4,Negative,High
STU_2946,Skipped the last three assignments because the mental hurdle of starting felt pointless.,Disengagement,Engagement,4,Negative,High
STU_2178,We are assigned new complex chapters right during midterms week with no extension.,Overload,Workload,3,Negative,Medium
STU_1115,Brilliant lectures! Faculty member always connects academic theories with real-world industry case studies.,Positive,Teaching,1,Positive,Low
STU_2771,I haven't slept properly in two weeks and feel like breaking down crying every single day.,High Stress,Mental Well-being,5,Negative,High
STU_2333,Having three heavy project deadlines and two midterms in the exact same 48 hours is impossible.,Overload,Workload,4,Negative,High
STU_2795,Failing this exam will cost me my scholarship and visa; the stress is paralyzing me.,High Stress,Mental Well-being,4,Negative,High
STU_2674,I feel suffocated by academic deadlines; I don't know who to talk to and feel totally alone.,High Stress,Mental Well-being,5,Negative,High
STU_1113,Very engaging teaching style! Kept all students motivated even during morning lectures.,Positive,Teaching,1,Positive,Low
STU_2645,Failing this test will cost me my scholarship and visa; the stress is paralyzing me.,High Stress,Mental Well-being,5,Negative,High
STU_1127,Course materials and lecture slides are well structured and easy to follow.,Positive,Course Content,1,Positive,Low
STU_1262,Brilliant lectures! Professor always connects academic theories with real-world industry case studies.,Positive,Teaching,2,Positive,Low
STU_2557,I feel suffocated by academic deadlines; I don't know who to talk to and feel totally alone.,High Stress,Mental Well-being,5,Negative,High
STU_1642,Lab sessions are held every Thursday afternoon for two hours.,Neutral,Lab Work,3,Neutral,Medium
STU_2459,Continuous back-to-back assignments leave zero breathing room for revision or proper understanding.,Overload,Workload,5,Negative,High
STU_1069,Brilliant lectures! Instructor always connects academic theories with real-world industry case studies.,Positive,Teaching,2,Positive,Low
STU_2338,The workload in this 3-credit course feels like a full-time 12-credit program.,Overload,Workload,5,Negative,High
STU_1176,The professor is extremely approachable and responds to student emails within hours.,Positive,Support,1,Positive,Low
STU_2230,We are assigned new complex chapters right during midterms week with no extension.,Overload,Workload,4,Negative,High
STU_1915,The professor reads monotone slides without ever looking up or answering chat questions.,Frustration,Teaching,4,Negative,High
STU_3072,I have completely lost motivation and stopped attending lectures because nothing makes sense.,Disengagement,Engagement,2,Negative,Low
STU_1899,I cannot understand why the grading took four weeks without any updates.,Frustration,Support,4,Negative,High
STU_1150,The textbook recommendations and supplementary reading lists were top-notch.,Positive,Library/Resources,1,Positive,Low
STU_2345,The sheer volume of homework prevents me from sleeping more than four hours a night.,Overload,Workload,5,Negative,High
STU_2563,I feel like an absolute failure who cannot keep up with anyone in this department.,High Stress,Mental Well-being,5,Negative,High
STU_2940,I have completely lost motivation and stopped attending lectures because nothing makes sense.,Disengagement,Engagement,2,Negative,Low
STU_1112,I am not overwhelmed at all now that the TA helped clarify the project roadmap.,Positive,Support,2,Positive,Low
STU_2972,Lectures are so boring and uninspired that everyone just browses their phones in silence.,Disengagement,Engagement,2,Negative,Low
STU_1489,Lab sessions are held every Thursday afternoon for two hours.,Neutral,Lab Work,1,Neutral,Low
STU_2506,The academic dread is so intense that I cannot concentrate on anything anymore.,High Stress,Mental Well-being,5,Negative,High
STU_1221,Excellent balance between theoretical mathematics and practical engineering applications.,Positive,Course Content,2,Positive,Low
STU_1507,"The final grade consists of 40% assignments, 30% midterm, and 30% final quiz.",Neutral,Examination,4,Neutral,High
STU_1513,The module prerequisite list includes calculus and introductory programming.,Neutral,Course Content,3,Neutral,Medium
STU_1685,Confusing instructions on the final project caused our entire group to lose points unfairly.,Frustration,Course Content,4,Negative,High
STU_2385,Impossible expectations: coding an entire web app from scratch in 3 days with no starter code.,Overload,Workload,5,Negative,High
STU_2299,The weekly reading workload exceeds 150 pages of dense academic papers on top of coding labs.,Overload,Workload,4,Negative,High
STU_1983,There is no practice exam provided despite repeated requests from students.,Frustration,Examination,4,Negative,High
STU_2483,Severe burnout and depression are making it impossible to even get out of bed for class.,High Stress,Mental Well-being,4,Negative,High
STU_1199,I do not feel stressed anymore thanks to the clear explanations in class.,Positive,Teaching,1,Positive,Low
STU_1129,I really enjoyed the hands-on lab sessions this semester; they made theoretical concepts easy to grasp.,Positive,Lab Work,1,Positive,Low
STU_1637,Textbook chapter summaries are provided at the end of each slide deck.,Neutral,Course Content,2,Neutral,Low
STU_1675,The schedule for office hours was updated on the main dashboard.,Neutral,Support,2,Neutral,Low
STU_2770,I am having severe anxiety and panic attacks because of the upcoming final quiz.,High Stress,Mental Well-being,5,Negative,High
STU_1404,Reference materials are available in the university library reserve section.,Neutral,Library/Resources,2,Neutral,Low
STU_1512,Weekly attendance is tracked using the digital portal at the start of class.,Neutral,Teaching,3,Neutral,Medium
STU_1153,The professor explains complex algorithms with great clarity and patience.,Positive,Teaching,1,Positive,Low
STU_2305,We are assigned new complex chapters right during midterms week with no extension.,Overload,Workload,4,Negative,High
STU_1463,The schedule for office hours was updated on the main dashboard.,Neutral,Support,1,Neutral,Low
STU_1052,The professor is extremely approachable and responds to student emails within hours.,Positive,Support,1,Positive,Low
STU_3094,I feel completely detached from this subject; I'm just guessing on quizzes to get it over with.,Disengagement,Engagement,3,Negative,Medium
STU_2633,I feel completely overwhelmed and hopeless about passing this course despite studying constantly.,High Stress,Mental Well-being,5,Negative,High
STU_1399,Brilliant lectures! Professor always connects academic theories with real-world industry case studies.,Positive,Teaching,1,Positive,Low
STU_2942,Nobody in our study group cares anymore; we have all checked out mentally.,Disengagement,Engagement,3,Negative,Medium
STU_2800,I am having severe anxiety and panic attacks because of the upcoming final final evaluation.,High Stress,Mental Well-being,4,Negative,High
STU_1648,The course syllabus was distributed on the first day of class as scheduled.,Neutral,Course Content,2,Neutral,Low
STU_2449,Each problem set takes over 25 hours to complete; there is no time left for other courses.,Overload,Workload,5,Negative,High
STU_2091,Too many mandatory group meetings and simultaneous milestone submissions this month.,Overload,Workload,4,Negative,High
STU_1861,Office hour queues are two hours long and TA runs out of time before seeing half the students.,Frustration,Support,5,Negative,High
STU_1570,Lab sessions are held every Thursday afternoon for two hours.,Neutral,Lab Work,2,Neutral,Low
STU_2826,I am having severe anxiety and panic attacks because of the upcoming final test.,High Stress,Mental Well-being,5,Negative,High
STU_1460,Weekly attendance is tracked using the digital portal at the start of class.,Neutral,Teaching,1,Neutral,Low
STU_1090,The weekly quizzes gave immediate feedback that helped me stay on track throughout the term.,Positive,Examination,2,Positive,Low
STU_2694,Failing this exam will cost me my scholarship and visa; the stress is paralyzing me.,High Stress,Mental Well-being,5,Negative,High
STU_2702,The constant pressure and harsh grading have completely destroyed my mental health this term.,High Stress,Mental Well-being,5,Negative,High
STU_2015,"Teaching assistants took over a month to return our graded homework, leaving us blind for midterms.",Frustration,Support,5,Negative,High
STU_1956,Lecture slides are just copied directly from the textbook with zero additional explanation.,Frustration,Teaching,3,Negative,Medium
STU_2062,Emails sent to the course instructor are routinely ignored for weeks.,Frustration,Support,4,Negative,High
STU_1250,Course materials and lecture slides are well structured and easy to follow.,Positive,Course Content,1,Positive,Low
STU_3090,I don't even bother opening the textbook anymore because the course feels so irrelevant.,Disengagement,Engagement,3,Negative,Medium
STU_2317,The weekly reading workload exceeds 150 pages of dense academic papers on top of coding labs.,Overload,Workload,4,Negative,High
STU_1886,Lecture slides are just copied directly from the textbook with zero additional explanation.,Frustration,Teaching,3,Negative,Medium
STU_1662,Lectures are recorded and uploaded to the student portal within 24 hours.,Neutral,Support,3,Neutral,Medium
STU_2350,Too many mandatory group meetings and simultaneous milestone submissions this month.,Overload,Workload,4,Negative,High
STU_1875,Emails sent to the course instructor are routinely ignored for weeks.,Frustration,Support,4,Negative,High
STU_2254,The workload in this 3-credit class feels like a full-time 12-credit program.,Overload,Workload,4,Negative,High
STU_1930,The teacher reads monotone slides without ever looking up or answering chat questions.,Frustration,Teaching,4,Negative,High
STU_2148,Having three heavy project deadlines and two midterms in the exact same 48 hours is impossible.,Overload,Workload,4,Negative,High
STU_1518,Textbook chapter summaries are provided at the end of each slide deck.,Neutral,Course Content,3,Neutral,Medium
STU_2092,Having three heavy project deadlines and two midterms in the exact same 48 hours is impossible.,Overload,Workload,4,Negative,High
STU_2915,I feel completely detached from this subject; I'm just guessing on quizzes to get it over with.,Disengagement,Engagement,4,Negative,High
STU_2743,I am experiencing chest tightness and insomnia every time I think about my GPA.,High Stress,Mental Well-being,4,Negative,High
STU_1562,Lab sessions are held every Thursday afternoon for two hours.,Neutral,Lab Work,2,Neutral,Low
STU_2072,"Teaching assistants took over a month to return our graded homework, leaving us blind for midterms.",Frustration,Support,3,Negative,Medium
STU_3059,I have completely lost motivation and stopped attending lectures because nothing makes sense.,Disengagement,Engagement,4,Negative,High
STU_2791,The constant pressure and harsh grading have completely destroyed my mental health this term.,High Stress,Mental Well-being,5,Negative,High
STU_2599,I feel suffocated by academic deadlines; I don't know who to talk to and feel totally alone.,High Stress,Mental Well-being,5,Negative,High
STU_2518,Failing this exam will cost me my scholarship and visa; the stress is paralyzing me.,High Stress,Mental Well-being,5,Negative,High
STU_2195,The sheer volume of homework prevents me from sleeping more than four hours a night.,Overload,Workload,5,Negative,High
STU_1263,Group assignments encouraged great teamwork and problem-solving skills.,Positive,Course Content,2,Positive,Low
STU_1134,I am not buried in tasks at all now that the TA helped clarify the project roadmap.,Positive,Support,1,Positive,Low
STU_1360,The professor is extremely approachable and responds to student emails within hours.,Positive,Support,1,Positive,Low
STU_2158,The workload in this 3-credit course feels like a full-time 12-credit program.,Overload,Workload,5,Negative,High
STU_2462,Continuous back-to-back assignments leave zero breathing room for revision or proper understanding.,Overload,Workload,3,Negative,Medium
STU_1397,The professor is extremely approachable and responds to student emails within hours.,Positive,Support,1,Positive,Low
STU_2621,I feel like an absolute failure who cannot keep up with anyone in this department.,High Stress,Mental Well-being,4,Negative,High
STU_1350,"Feedback on homework was detailed and constructive, helping me improve each week.",Positive,Teaching,1,Positive,Low
STU_2215,The weekly reading workload exceeds 150 pages of dense academic papers on top of coding labs.,Overload,Workload,5,Negative,High
STU_2313,Impossible expectations: coding an entire web app from scratch in 3 days with no starter code.,Overload,Workload,5,Negative,High
STU_2166,The workload in this 3-credit course feels like a full-time 12-credit program.,Overload,Workload,5,Negative,High
STU_2433,Continuous back-to-back assignments leave zero breathing room for revision or proper understanding.,Overload,Workload,3,Negative,Medium
STU_2778,I feel completely overwhelmed and hopeless about passing this course despite studying constantly.,High Stress,Mental Well-being,5,Negative,High
STU_1812,Lecture slides are just copied directly from the textbook with zero additional explanation.,Frustration,Teaching,3,Negative,Medium
STU_1402,Lab sessions are held every Thursday afternoon for two hours.,Neutral,Lab Work,2,Neutral,Low
STU_1015,Brilliant lectures! Lecturer always connects academic theories with real-world industry case studies.,Positive,Teaching,1,Positive,Low
STU_2828,I am experiencing chest tightness and insomnia every time I think about my GPA.,High Stress,Mental Well-being,5,Negative,High
STU_3020,"Just going through the motions to get a passing grade, zero actual learning or interest.",Disengagement,Engagement,2,Negative,Low
STU_1575,The midterm exam covered chapters 1 through 5 of the textbook.,Neutral,Examination,3,Neutral,Medium
STU_2635,The academic dread is so intense that I cannot concentrate on anything anymore.,High Stress,Mental Well-being,5,Negative,High
STU_1744,Lab equipment is outdated and half the software licenses are expired.,Frustration,Lab Work,4,Negative,High
STU_2831,The constant pressure and harsh grading have completely destroyed my mental health this term.,High Stress,Mental Well-being,5,Negative,High
STU_1480,The midterm exam covered chapters 1 through 5 of the textbook.,Neutral,Examination,2,Neutral,Low
STU_1453,"The final grade consists of 40% assignments, 30% midterm, and 30% final exam.",Neutral,Examination,3,Neutral,Medium
STU_3008,"Just going through the motions to get a passing grade, zero actual learning or interest.",Disengagement,Engagement,2,Negative,Low
STU_3070,Nobody in our study group cares anymore; we have all checked out mentally.,Disengagement,Engagement,4,Negative,High
STU_1393,Excellent balance between theoretical mathematics and practical engineering applications.,Positive,Course Content,2,Positive,Low
STU_1733,The grading criteria for the term paper were extremely vague and subjective.,Frustration,Examination,3,Negative,Medium
STU_1576,Reference materials are available in the university library reserve section.,Neutral,Library/Resources,3,Neutral,Medium
STU_2952,Nobody in our study group cares anymore; we have all checked out mentally.,Disengagement,Engagement,3,Negative,Medium
STU_1454,The module prerequisite list includes calculus and introductory programming.,Neutral,Course Content,2,Neutral,Low
STU_2250,Impossible expectations: coding an entire web app from scratch in 3 days with no starter code.,Overload,Workload,5,Negative,High
STU_1911,Lab equipment is outdated and half the software licenses are expired.,Frustration,Lab Work,3,Negative,Medium
STU_1396,I am not stressed at all because the professor provided excellent prep materials.,Positive,Teaching,1,Positive,Low
STU_1759,I am not happy with how disorganized the instructor is with homework deadlines.,Frustration,Course Content,4,Negative,High
STU_1948,We were tested on material that was never discussed in class or assigned in readings.,Frustration,Examination,5,Negative,High
STU_2591,Severe burnout and depression are making it impossible to even get out of bed for class.,High Stress,Mental Well-being,4,Negative,High
STU_1018,"Loved the practical coding assignments, they gave me confidence for upcoming software internships.",Positive,Course Content,1,Positive,Low
STU_1363,Office hours were incredibly helpful. The teaching assistants always took time to help us debug.,Positive,Support,2,Positive,Low
STU_1793,There is no practice exam provided despite repeated requests from students.,Frustration,Examination,3,Negative,Medium
STU_1734,Confusing instructions on the final project caused our entire group to lose points unfairly.,Frustration,Course Content,3,Negative,Medium
STU_2232,We are assigned new complex chapters right during midterms week with no extension.,Overload,Workload,4,Negative,High
STU_1771,We were tested on material that was never discussed in class or assigned in readings.,Frustration,Examination,4,Negative,High
STU_1723,There is no practice exam provided despite repeated requests from students.,Frustration,Examination,3,Negative,Medium
STU_1253,"Feedback on homework was detailed and constructive, helping me improve each week.",Positive,Teaching,1,Positive,Low
STU_2955,Skipped the last three assignments because the mental hurdle of starting felt pointless.,Disengagement,Engagement,4,Negative,High
STU_1064,The weekly quizzes gave immediate feedback that helped me stay on track throughout the term.,Positive,Examination,2,Positive,Low
STU_2971,Skipped the last three assignments because the mental hurdle of starting felt pointless.,Disengagement,Engagement,4,Negative,High
STU_1159,Course materials and lecture slides are well structured and easy to follow.,Positive,Course Content,1,Positive,Low
STU_1167,Office hours were incredibly clear. The teaching assistants always took time to help us debug.,Positive,Support,2,Positive,Low
STU_2103,Continuous back-to-back assignments leave zero breathing room for revision or proper understanding.,Overload,Workload,4,Negative,High
STU_1805,I am not happy with how disorganized the professor is with homework deadlines.,Frustration,Course Content,3,Negative,Medium
STU_2630,I haven't slept properly in two weeks and feel like breaking down crying every single day.,High Stress,Mental Well-being,5,Negative,High
STU_2139,The weekly reading workload exceeds 150 pages of dense academic papers on top of coding labs.,Overload,Workload,3,Negative,Medium
STU_2943,Nobody in our study group cares anymore; we have all checked out mentally.,Disengagement,Engagement,2,Negative,Low
STU_1356,The professor is truly approachable and responds to student emails within hours.,Positive,Support,2,Positive,Low
STU_1020,"Feedback on homework was detailed and constructive, helping me improve each week.",Positive,Teaching,1,Positive,Low
STU_1009,Module materials and lecture slides are well structured and easy to follow.,Positive,Course Content,1,Positive,Low
STU_2717,I feel suffocated by academic deadlines; I don't know who to talk to and feel totally alone.,High Stress,Mental Well-being,4,Negative,High
STU_2247,Five different assignments due on Sunday night while working part-time is completely unsustainable.,Overload,Workload,5,Negative,High
STU_2472,The workload in this 3-credit course feels like a full-time 12-credit program.,Overload,Workload,5,Negative,High
STU_1274,Group assignments encouraged great teamwork and problem-solving skills.,Positive,Course Content,2,Positive,Low
STU_2987,"Just going through the motions to get a passing grade, zero actual learning or interest.",Disengagement,Engagement,3,Negative,Medium
STU_1673,Lab sessions are held every Thursday afternoon for two hours.,Neutral,Lab Work,2,Neutral,Low
STU_2228,Too many mandatory group meetings and simultaneous milestone submissions this month.,Overload,Workload,3,Negative,Medium
STU_1942,Emails sent to the course instructor are routinely ignored for weeks.,Frustration,Support,4,Negative,High
STU_2271,Continuous back-to-back assignments leave zero breathing room for revision or proper understanding.,Overload,Workload,5,Negative,High
STU_2732,The constant pressure and harsh grading have completely destroyed my mental health this term.,High Stress,Mental Well-being,5,Negative,High
STU_1659,Reference materials are available in the university library reserve section.,Neutral,Library/Resources,2,Neutral,Low
STU_1504,Reference materials are available in the university library reserve section.,Neutral,Library/Resources,2,Neutral,Low
STU_2293,Five different assignments due on Sunday night while working part-time is completely unsustainable.,Overload,Workload,5,Negative,High
STU_1928,The professor reads monotone slides without ever looking up or answering chat questions.,Frustration,Teaching,4,Negative,High
STU_1536,Homework is submitted via the online learning management system by Sunday midnight.,Neutral,Course Content,3,Neutral,Medium
STU_1702,The pace of the class is erratic—rushing through hardest topics in the last ten minutes.,Frustration,Teaching,4,Negative,High
STU_2856,Severe burnout and depression are making it impossible to even get out of bed for class.,High Stress,Mental Well-being,4,Negative,High
STU_2342,The workload in this 3-credit course feels like a full-time 12-credit program.,Overload,Workload,5,Negative,High
STU_2657,The constant pressure and harsh grading have completely destroyed my mental health this term.,High Stress,Mental Well-being,5,Negative,High
STU_1432,"The final grade consists of 40% assignments, 30% midterm, and 30% final exam.",Neutral,Examination,4,Neutral,High
STU_2934,I feel completely detached from this subject; I'm just guessing on quizzes to get it over with.,Disengagement,Engagement,4,Negative,High
STU_3040,I have completely lost motivation and stopped attending lectures because nothing makes sense.,Disengagement,Engagement,4,Negative,High
STU_2140,Five different assignments due on Sunday night while working part-time is completely unsustainable.,Overload,Workload,4,Negative,High
STU_2566,I feel completely overwhelmed and hopeless about passing this class despite studying constantly.,High Stress,Mental Well-being,5,Negative,High
STU_2744,I feel completely overwhelmed and hopeless about passing this course despite studying constantly.,High Stress,Mental Well-being,4,Negative,High
STU_2956,I have completely lost motivation and stopped attending lectures because nothing makes sense.,Disengagement,Engagement,4,Negative,High
STU_2371,Impossible expectations: coding an entire web app from scratch in 3 days with no starter code.,Overload,Workload,5,Negative,High
STU_1616,The course prerequisite list includes calculus and introductory programming.,Neutral,Course Content,2,Neutral,Low
STU_1144,I am not stressed at all because the professor provided excellent prep materials.,Positive,Teaching,1,Positive,Low
STU_2154,Continuous back-to-back assignments leave zero breathing room for revision or proper understanding.,Overload,Workload,3,Negative,Medium
STU_2094,The workload in this 3-credit course feels like a full-time 12-credit program.,Overload,Workload,4,Negative,High
STU_2885,I have completely lost motivation and stopped attending lectures because nothing makes sense.,Disengagement,Engagement,2,Negative,Low
STU_2667,I am experiencing chest tightness and insomnia every time I think about my GPA.,High Stress,Mental Well-being,5,Negative,High
STU_1577,The course prerequisite list includes calculus and introductory programming.,Neutral,Course Content,2,Neutral,Low
STU_2046,Emails sent to the course instructor are routinely ignored for weeks.,Frustration,Support,4,Negative,High
STU_2949,I gave up trying to understand the proofs weeks ago; there is no support available.,Disengagement,Engagement,5,Negative,High
STU_2508,Severe burnout and depression are making it impossible to even get out of bed for class.,High Stress,Mental Well-being,5,Negative,High
STU_1720,The professor reads monotone slides without ever looking up or answering chat questions.,Frustration,Teaching,4,Negative,High
STU_1779,The online submission portal crashed right before the problem set deadline.,Frustration,Support,4,Negative,High
STU_1514,The course prerequisite list includes calculus and introductory programming.,Neutral,Course Content,2,Neutral,Low
STU_2225,We are assigned new complex chapters right during midterms week with no extension.,Overload,Workload,5,Negative,High
STU_1560,"The final grade consists of 40% assignments, 30% midterm, and 30% final exam.",Neutral,Examination,3,Neutral,Medium
STU_1988,I am definitely not happy with the way this midterm was graded.,Frustration,Examination,5,Negative,High
STU_1124,Excellent balance between theoretical mathematics and practical engineering applications.,Positive,Course Content,2,Positive,Low
STU_1002,Course materials and lecture slides are well structured and easy to follow.,Positive,Course Content,1,Positive,Low
STU_2765,I feel suffocated by academic deadlines; I don't know who to talk to and feel totally alone.,High Stress,Mental Well-being,4,Negative,High
STU_1593,"The final grade consists of 40% assignments, 30% midterm, and 30% final exam.",Neutral,Examination,4,Neutral,High
STU_2272,The workload in this 3-credit module feels like a full-time 12-credit program.,Overload,Workload,5,Negative,High
STU_2646,I haven't slept properly in two weeks and feel like breaking down crying every single day.,High Stress,Mental Well-being,5,Negative,High
STU_1003,"The test was not brutal; in fact, it was very fair and well designed.",Positive,Examination,1,Positive,Low
STU_2768,I am having severe anxiety and panic attacks because of the upcoming final final evaluation.,High Stress,Mental Well-being,5,Negative,High
STU_1926,Students are not happy with the sudden change in midterm format.,Frustration,Examination,3,Negative,Medium
STU_2321,Five different assignments due on Sunday night while working part-time is completely unsustainable.,Overload,Workload,5,Negative,High
STU_2527,The academic dread is so intense that I cannot concentrate on anything anymore.,High Stress,Mental Well-being,5,Negative,High
STU_2634,I am experiencing chest tightness and insomnia every time I think about my GPA.,High Stress,Mental Well-being,5,Negative,High
STU_2401,The workload in this 3-credit course feels like a full-time 12-credit program.,Overload,Workload,4,Negative,High
STU_2376,We are assigned new complex chapters right during midterms week with no extension.,Overload,Workload,4,Negative,High
STU_2107,Each problem set takes over 25 hours to complete; there is no time left for other courses.,Overload,Workload,5,Negative,High
STU_1765,The professor reads monotone slides without ever looking up or answering chat questions.,Frustration,Teaching,4,Negative,High
STU_2356,Each problem set takes over 25 hours to complete; there is no time left for other courses.,Overload,Workload,5,Negative,High
STU_1417,Discussion forums are moderated by graduate teaching assistants.,Neutral,Support,2,Neutral,Low
STU_2025,Office hour queues are two hours long and TA runs out of time before seeing half the students.,Frustration,Support,3,Negative,Medium
STU_2303,We are assigned new complex chapters right during midterms week with no extension.,Overload,Workload,4,Negative,High
STU_1172,"Loved the practical coding assignments, they gave me confidence for upcoming software internships.",Positive,Course Content,1,Positive,Low
STU_2541,I haven't slept properly in two weeks and feel like breaking down crying every single day.,High Stress,Mental Well-being,5,Negative,High
STU_2592,I feel like an absolute failure who cannot keep up with anyone in this department.,High Stress,Mental Well-being,5,Negative,High
STU_2164,Continuous back-to-back assignments leave zero breathing room for revision or proper understanding.,Overload,Workload,5,Negative,High
STU_2665,The academic dread is so intense that I cannot concentrate on anything anymore.,High Stress,Mental Well-being,5,Negative,High
STU_1258,Course materials and lecture slides are well structured and easy to follow.,Positive,Course Content,1,Positive,Low
STU_2137,We are assigned new complex chapters right during midterms week with no extension.,Overload,Workload,5,Negative,High
STU_1505,Textbook chapter summaries are provided at the end of each slide deck.,Neutral,Course Content,3,Neutral,Medium
STU_1208,Office hours were incredibly helpful. The teaching assistants always took time to help us debug.,Positive,Support,1,Positive,Low
STU_2867,I haven't slept properly in two weeks and feel like breaking down crying every single day.,High Stress,Mental Well-being,5,Negative,High
STU_2135,Each problem set takes over 25 hours to complete; there is no time left for other courses.,Overload,Workload,4,Negative,High
STU_2339,Too many mandatory group meetings and simultaneous milestone submissions this month.,Overload,Workload,4,Negative,High
STU_2404,The weekly reading workload exceeds 150 pages of dense academic papers on top of coding labs.,Overload,Workload,3,Negative,Medium
STU_2574,I feel like an absolute failure who cannot keep up with anyone in this department.,High Stress,Mental Well-being,5,Negative,High
STU_2298,Each problem set takes over 25 hours to complete; there is no time left for other courses.,Overload,Workload,5,Negative,High
STU_2368,Continuous back-to-back assignments leave zero breathing room for revision or proper understanding.,Overload,Workload,3,Negative,Medium
STU_1060,Brilliant lectures! Professor always connects academic theories with real-world industry case studies.,Positive,Teaching,2,Positive,Low
STU_1992,The professor reads monotone slides without ever looking up or answering chat questions.,Frustration,Teaching,3,Negative,Medium
STU_1135,Very engaging teaching style! Kept all students motivated even during morning lectures.,Positive,Teaching,1,Positive,Low
STU_1834,The professor reads monotone slides without ever looking up or answering chat questions.,Frustration,Teaching,4,Negative,High
STU_2133,Having three heavy project deadlines and two midterms in the exact same 48 hours is impossible.,Overload,Workload,4,Negative,High
STU_1952,The grading criteria for the term paper were extremely vague and subjective.,Frustration,Examination,3,Negative,Medium
STU_1652,The schedule for office hours was updated on the main dashboard.,Neutral,Support,1,Neutral,Low
STU_2908,I feel completely detached from this subject; I'm just guessing on quizzes to get it over with.,Disengagement,Engagement,3,Negative,Medium
STU_1552,The course prerequisite list includes calculus and introductory programming.,Neutral,Course Content,1,Neutral,Low
STU_1236,I am not stressed at all because the professor provided excellent prep materials.,Positive,Teaching,1,Positive,Low
STU_1789,I cannot understand why the grading took four weeks without any updates.,Frustration,Support,4,Negative,High
STU_2454,The sheer volume of homework prevents me from sleeping more than four hours a night.,Overload,Workload,4,Negative,High
STU_2042,I cannot understand why the grading took four weeks without any updates.,Frustration,Support,5,Negative,High
STU_2010,The faculty member reads monotone slides without ever looking up or answering chat questions.,Frustration,Teaching,4,Negative,High
STU_1485,The schedule for office hours was updated on the main dashboard.,Neutral,Support,3,Neutral,Medium
STU_2201,Continuous back-to-back assignments leave zero breathing room for revision or proper understanding.,Overload,Workload,5,Negative,High
STU_2223,Continuous back-to-back assignments leave zero breathing room for revision or proper understanding.,Overload,Workload,5,Negative,High
STU_1491,"The final grade consists of 40% assignments, 30% midterm, and 30% final midterm.",Neutral,Examination,3,Neutral,Medium
STU_1415,Reference materials are available in the university library reserve section.,Neutral,Library/Resources,3,Neutral,Medium
STU_1107,I am not overwhelmed at all now that the TA helped clarify the project roadmap.,Positive,Support,1,Positive,Low
STU_2497,I haven't slept properly in two weeks and feel like breaking down crying every single day.,High Stress,Mental Well-being,5,Negative,High
STU_1770,There is no practice exam provided despite repeated requests from students.,Frustration,Examination,4,Negative,High
STU_2802,Failing this exam will cost me my scholarship and visa; the stress is paralyzing me.,High Stress,Mental Well-being,5,Negative,High
STU_1664,Lectures are recorded and uploaded to the student portal within 24 hours.,Neutral,Support,3,Neutral,Medium
STU_1846,The professor reads monotone slides without ever looking up or answering chat questions.,Frustration,Teaching,4,Negative,High
STU_2874,I feel completely overwhelmed and hopeless about passing this course despite studying constantly.,High Stress,Mental Well-being,5,Negative,High
STU_1656,The midterm test covered chapters 1 through 5 of the textbook.,Neutral,Examination,3,Neutral,Medium
STU_1203,The textbook recommendations and supplementary reading lists were top-notch.,Positive,Library/Resources,1,Positive,Low
STU_2632,Severe burnout and depression are making it impossible to even get out of bed for class.,High Stress,Mental Well-being,4,Negative,High
STU_2639,I feel completely overwhelmed and hopeless about passing this course despite studying constantly.,High Stress,Mental Well-being,5,Negative,High
STU_1120,Office hours were incredibly helpful. The teaching assistants always took time to help us debug.,Positive,Support,1,Positive,Low
STU_1056,Group assignments encouraged great teamwork and problem-solving skills.,Positive,Course Content,1,Positive,Low
STU_1372,The campus study spaces and library resources made exam preparation much smoother.,Positive,Library/Resources,1,Positive,Low
STU_3041,"Just going through the motions to get a passing grade, zero actual learning or interest.",Disengagement,Engagement,2,Negative,Low
STU_2259,The workload in this 3-credit course feels like a full-time 12-credit program.,Overload,Workload,5,Negative,High
STU_1121,Very engaging teaching style! Kept all students motivated even during morning lectures.,Positive,Teaching,1,Positive,Low
STU_1347,The professor explains complex algorithms with great clarity and patience.,Positive,Teaching,1,Positive,Low
STU_1835,There is no practice exam provided despite repeated requests from students.,Frustration,Examination,2,Negative,Low
STU_1629,Textbook chapter summaries are provided at the end of each slide deck.,Neutral,Course Content,3,Neutral,Medium
STU_2750,Severe burnout and depression are making it impossible to even get out of bed for class.,High Stress,Mental Well-being,5,Negative,High
STU_1184,The professor is extremely approachable and responds to student emails within hours.,Positive,Support,1,Positive,Low
STU_3077,I feel completely detached from this subject; I'm just guessing on quizzes to get it over with.,Disengagement,Engagement,3,Negative,Medium
STU_2474,The sheer volume of homework prevents me from sleeping more than four hours a night.,Overload,Workload,5,Negative,High
STU_1295,Excellent balance between theoretical mathematics and practical engineering applications.,Positive,Course Content,3,Positive,Medium
STU_1585,The course syllabus was distributed on the first day of class as scheduled.,Neutral,Course Content,3,Neutral,Medium
STU_1345,The faculty member is extremely approachable and responds to student emails within hours.,Positive,Support,1,Positive,Low
STU_3017,I don't even bother opening the textbook anymore because the course feels so irrelevant.,Disengagement,Engagement,4,Negative,High
STU_2751,The constant pressure and harsh grading have completely destroyed my mental health this term.,High Stress,Mental Well-being,4,Negative,High
STU_1235,I am not overwhelmed at all now that the TA helped clarify the project roadmap.,Positive,Support,2,Positive,Low
STU_1187,The textbook recommendations and supplementary reading lists were top-notch.,Positive,Library/Resources,2,Positive,Low
STU_1527,Textbook chapter summaries are provided at the end of each slide deck.,Neutral,Course Content,3,Neutral,Medium
STU_1783,Emails sent to the course instructor are routinely ignored for weeks.,Frustration,Support,3,Negative,Medium
STU_1650,Weekly attendance is tracked using the digital portal at the start of class.,Neutral,Teaching,2,Neutral,Low
STU_2907,I have completely lost motivation and stopped attending lectures because nothing makes sense.,Disengagement,Engagement,2,Negative,Low
STU_1050,Group assignments encouraged great teamwork and problem-solving skills.,Positive,Course Content,3,Positive,Medium
STU_2723,I feel like an absolute failure who cannot keep up with anyone in this department.,High Stress,Mental Well-being,5,Negative,High
STU_3098,"Just going through the motions to get a passing grade, zero actual learning or interest.",Disengagement,Engagement,2,Negative,Low
STU_1896,Office hour queues are two hours long and TA runs out of time before seeing half the students.,Frustration,Support,4,Negative,High
STU_2801,I am experiencing chest tightness and insomnia every time I think about my GPA.,High Stress,Mental Well-being,5,Negative,High
STU_2614,I am experiencing chest tightness and insomnia every time I think about my GPA.,High Stress,Mental Well-being,5,Negative,High
STU_2007,Office hour queues are two hours long and TA runs out of time before seeing half the students.,Frustration,Support,5,Negative,High
STU_1093,The weekly quizzes gave immediate feedback that helped me stay on track throughout the term.,Positive,Examination,2,Positive,Low
STU_2207,Too many mandatory group meetings and simultaneous milestone submissions this month.,Overload,Workload,4,Negative,High
STU_2689,Failing this exam will cost me my scholarship and visa; the stress is paralyzing me.,High Stress,Mental Well-being,5,Negative,High
STU_1657,Weekly attendance is tracked using the digital portal at the start of class.,Neutral,Teaching,2,Neutral,Low
STU_2243,Each problem set takes over 25 hours to complete; there is no time left for other courses.,Overload,Workload,4,Negative,High
STU_2739,I am having severe anxiety and panic attacks because of the upcoming final exam.,High Stress,Mental Well-being,5,Negative,High
STU_3067,"Just going through the motions to get a passing grade, zero actual learning or interest.",Disengagement,Engagement,3,Negative,Medium
STU_1910,The grading criteria for the term paper were extremely vague and subjective.,Frustration,Examination,4,Negative,High
STU_2187,Having three heavy project deadlines and two midterms in the exact same 48 hours is impossible.,Overload,Workload,4,Negative,High
STU_2719,I am having severe anxiety and panic attacks because of the upcoming final exam.,High Stress,Mental Well-being,5,Negative,High
STU_1422,Reference materials are available in the university library reserve section.,Neutral,Library/Resources,1,Neutral,Low
STU_1564,Reference materials are available in the university library reserve section.,Neutral,Library/Resources,1,Neutral,Low
STU_2409,Impossible expectations: coding an entire web app from scratch in 3 days with no starter code.,Overload,Workload,4,Negative,High
STU_1369,I really enjoyed the hands-on lab sessions this semester; they made theoretical concepts easy to grasp.,Positive,Lab Work,1,Positive,Low
STU_2090,Continuous back-to-back assignments leave zero breathing room for revision or proper understanding.,Overload,Workload,4,Negative,High
STU_2349,We are assigned new complex chapters right during midterms week with no extension.,Overload,Workload,4,Negative,High
STU_1247,I am not stressed at all because the professor provided excellent prep materials.,Positive,Teaching,1,Positive,Low
STU_2906,Skipped the last three assignments because the mental hurdle of starting felt pointless.,Disengagement,Engagement,4,Negative,High
STU_2030,Unclear instructions on the final project caused our entire group to lose points unfairly.,Frustration,Course Content,3,Negative,Medium
STU_1975,Students are not happy with the sudden change in exam format.,Frustration,Examination,4,Negative,High
STU_3066,I have completely lost motivation and stopped attending lectures because nothing makes sense.,Disengagement,Engagement,4,Negative,High
STU_2069,We were tested on material that was never discussed in class or assigned in readings.,Frustration,Examination,5,Negative,High
STU_2168,Impossible expectations: coding an entire web app from scratch in 3 days with no starter code.,Overload,Workload,5,Negative,High
STU_1109,The professor explains complex algorithms with great clarity and patience.,Positive,Teaching,1,Positive,Low
STU_2182,Impossible expectations: coding an entire web app from scratch in 3 days with no starter code.,Overload,Workload,4,Negative,High
STU_2110,Five different assignments due on Sunday night while working part-time is completely unsustainable.,Overload,Workload,5,Negative,High
STU_2268,Impossible expectations: coding an entire web app from scratch in 3 days with no starter code.,Overload,Workload,4,Negative,High
STU_2556,I feel suffocated by academic deadlines; I don't know who to talk to and feel totally alone.,High Stress,Mental Well-being,4,Negative,High
STU_2728,I feel completely overwhelmed and hopeless about passing this course despite studying constantly.,High Stress,Mental Well-being,5,Negative,High
STU_2146,Each problem set takes over 25 hours to complete; there is no time left for other courses.,Overload,Workload,5,Negative,High
STU_2695,Severe burnout and depression are making it impossible to even get out of bed for class.,High Stress,Mental Well-being,4,Negative,High
STU_2595,I am having severe anxiety and panic attacks because of the upcoming final quiz.,High Stress,Mental Well-being,4,Negative,High
STU_2322,We are assigned new complex chapters right during midterms week with no extension.,Overload,Workload,3,Negative,Medium
STU_2150,The sheer volume of homework prevents me from sleeping more than four hours a night.,Overload,Workload,4,Negative,High
STU_1633,Lab sessions are held every Thursday afternoon for two hours.,Neutral,Lab Work,3,Neutral,Medium
STU_2764,I am experiencing chest tightness and insomnia every time I think about my GPA.,High Stress,Mental Well-being,5,Negative,High
STU_2172,The weekly reading workload exceeds 150 pages of dense academic papers on top of coding labs.,Overload,Workload,3,Negative,Medium
STU_1051,The textbook recommendations and supplementary reading lists were top-notch.,Positive,Library/Resources,2,Positive,Low
STU_1340,"Feedback on homework was detailed and constructive, helping me improve each week.",Positive,Teaching,1,Positive,Low
STU_1182,Very engaging teaching style! Kept all students motivated even during morning lectures.,Positive,Teaching,1,Positive,Low
STU_2323,Each problem set takes over 25 hours to complete; there is no time left for other courses.,Overload,Workload,5,Negative,High
STU_1569,Discussion forums are moderated by graduate teaching assistants.,Neutral,Support,1,Neutral,Low
STU_1908,I am definitely not happy with the way this midterm was graded.,Frustration,Examination,3,Negative,Medium
STU_2374,Continuous back-to-back assignments leave zero breathing room for revision or proper understanding.,Overload,Workload,3,Negative,Medium
STU_1094,Brilliant lectures! Professor always connects academic theories with real-world industry case studies.,Positive,Teaching,1,Positive,Low
STU_2833,I feel like an absolute failure who cannot keep up with anyone in this department.,High Stress,Mental Well-being,5,Negative,High
STU_2584,Failing this exam will cost me my scholarship and visa; the stress is paralyzing me.,High Stress,Mental Well-being,5,Negative,High
STU_1810,Lecture slides are just copied directly from the textbook with zero additional explanation.,Frustration,Teaching,2,Negative,Low
STU_1477,The midterm exam covered chapters 1 through 5 of the textbook.,Neutral,Examination,3,Neutral,Medium
STU_1794,The professor reads monotone slides without ever looking up or answering chat questions.,Frustration,Teaching,4,Negative,High
STU_2858,I am experiencing chest tightness and insomnia every time I think about my GPA.,High Stress,Mental Well-being,4,Negative,High
STU_3047,"Just going through the motions to get a passing grade, zero actual learning or interest.",Disengagement,Engagement,3,Negative,Medium
STU_2361,The workload in this 3-credit course feels like a full-time 12-credit program.,Overload,Workload,5,Negative,High
STU_2280,Five different assignments due on Sunday night while working part-time is completely unsustainable.,Overload,Workload,4,Negative,High
STU_1183,I am not stressed at all because the faculty member provided excellent prep materials.,Positive,Teaching,1,Positive,Low
STU_1667,Weekly attendance is tracked using the digital portal at the start of class.,Neutral,Teaching,3,Neutral,Medium
STU_1306,The grading rubric was transparent and fair for all midterm projects.,Positive,Examination,1,Positive,Low
STU_2590,I am experiencing chest tightness and insomnia every time I think about my GPA.,High Stress,Mental Well-being,5,Negative,High
STU_2842,I am experiencing chest tightness and insomnia every time I think about my GPA.,High Stress,Mental Well-being,5,Negative,High
STU_1922,Confusing instructions on the final project caused our entire group to lose points unfairly.,Frustration,Course Content,4,Negative,High
STU_1944,The pace of the class is erratic—rushing through hardest topics in the last ten minutes.,Frustration,Teaching,5,Negative,High
STU_2688,I am experiencing chest tightness and insomnia every time I think about my GPA.,High Stress,Mental Well-being,5,Negative,High
STU_2034,Lab equipment is outdated and half the software licenses are expired.,Frustration,Lab Work,4,Negative,High
STU_1284,I do not feel stressed anymore thanks to the clear explanations in class.,Positive,Teaching,2,Positive,Low
STU_1272,The professor explains complex algorithms with great clarity and patience.,Positive,Teaching,1,Positive,Low
STU_2836,I am experiencing chest tightness and insomnia every time I think about my GPA.,High Stress,Mental Well-being,5,Negative,High
STU_1974,Office hour queues are two hours long and TA runs out of time before seeing half the students.,Frustration,Support,3,Negative,Medium
STU_1773,The professor reads monotone slides without ever looking up or answering chat questions.,Frustration,Teaching,4,Negative,High
STU_2811,I haven't slept properly in two weeks and feel like breaking down crying every single day.,High Stress,Mental Well-being,5,Negative,High
STU_1927,I am definitely not happy with the way this midterm was graded.,Frustration,Examination,3,Negative,Medium
STU_2580,I am having severe anxiety and panic attacks because of the upcoming final exam.,High Stress,Mental Well-being,5,Negative,High
STU_1635,"The final grade consists of 40% assignments, 30% midterm, and 30% final exam.",Neutral,Examination,3,Neutral,Medium
STU_2568,The constant pressure and harsh grading have completely destroyed my mental health this term.,High Stress,Mental Well-being,5,Negative,High
STU_2981,I don't even bother opening the textbook anymore because the curriculum feels so irrelevant.,Disengagement,Engagement,4,Negative,High
STU_1856,Lecture slides are just copied directly from the textbook with zero additional explanation.,Frustration,Teaching,3,Negative,Medium
STU_1092,The professor is extremely approachable and responds to student emails within hours.,Positive,Support,2,Positive,Low
STU_1139,Excellent balance between theoretical mathematics and practical engineering applications.,Positive,Course Content,3,Positive,Medium
STU_1715,"Teaching assistants took over a month to return our graded homework, leaving us blind for midterms.",Frustration,Support,5,Negative,High
STU_2122,We are assigned new complex chapters right during midterms week with no extension.,Overload,Workload,3,Negative,Medium
STU_1251,Excellent balance between theoretical mathematics and practical engineering applications.,Positive,Course Content,2,Positive,Low
STU_1005,Group assignments encouraged great teamwork and problem-solving skills.,Positive,Course Content,2,Positive,Low
STU_2002,Emails sent to the class instructor are routinely ignored for weeks.,Frustration,Support,3,Negative,Medium
STU_1375,Office hours were incredibly supportive. The teaching assistants always took time to help us debug.,Positive,Support,2,Positive,Low
STU_1442,Lab sessions are held every Thursday afternoon for two hours.,Neutral,Lab Work,3,Neutral,Medium
STU_1581,Discussion forums are moderated by graduate teaching assistants.,Neutral,Support,2,Neutral,Low
STU_2606,I feel suffocated by academic deadlines; I don't know who to talk to and feel totally alone.,High Stress,Mental Well-being,5,Negative,High
STU_1100,The professor is extremely approachable and responds to student emails within hours.,Positive,Support,1,Positive,Low
STU_2714,I am experiencing chest tightness and insomnia every time I think about my GPA.,High Stress,Mental Well-being,5,Negative,High
STU_2208,Impossible expectations: coding an entire web app from scratch in 3 days with no starter code.,Overload,Workload,5,Negative,High
STU_1292,Course materials and lecture slides are well structured and easy to follow.,Positive,Course Content,2,Positive,Low
STU_1293,The campus study spaces and library resources made exam preparation much smoother.,Positive,Library/Resources,2,Positive,Low
STU_2713,Failing this midterm will cost me my scholarship and visa; the stress is paralyzing me.,High Stress,Mental Well-being,5,Negative,High
STU_2921,I feel completely detached from this subject; I'm just guessing on quizzes to get it over with.,Disengagement,Engagement,3,Negative,Medium
STU_1603,The course syllabus was distributed on the first day of class as scheduled.,Neutral,Course Content,3,Neutral,Medium
STU_2830,I feel suffocated by academic deadlines; I don't know who to talk to and feel totally alone.,High Stress,Mental Well-being,5,Negative,High
STU_1767,I am not happy with how disorganized the professor is with homework deadlines.,Frustration,Course Content,5,Negative,High
STU_1625,Lectures are recorded and uploaded to the student portal within 24 hours.,Neutral,Support,2,Neutral,Low
STU_1761,Lab equipment is outdated and half the software licenses are expired.,Frustration,Lab Work,3,Negative,Medium
STU_2587,I feel completely drowning in work and hopeless about passing this course despite studying constantly.,High Stress,Mental Well-being,5,Negative,High
STU_3071,Nobody in our study group cares anymore; we have all checked out mentally.,Disengagement,Engagement,4,Negative,High
STU_2071,Office hour queues are two hours long and TA runs out of time before seeing half the students.,Frustration,Support,5,Negative,High
STU_1083,The textbook recommendations and supplementary reading lists were top-notch.,Positive,Library/Resources,1,Positive,Low
STU_1594,Homework is submitted via the online learning management system by Sunday midnight.,Neutral,Course Content,4,Neutral,High
STU_2171,Too many mandatory group meetings and simultaneous milestone submissions this month.,Overload,Workload,3,Negative,Medium
STU_2502,I am having severe anxiety and panic attacks because of the upcoming final exam.,High Stress,Mental Well-being,5,Negative,High
STU_2806,I feel suffocated by academic deadlines; I don't know who to talk to and feel totally alone.,High Stress,Mental Well-being,5,Negative,High
STU_1226,The textbook recommendations and supplementary reading lists were top-notch.,Positive,Library/Resources,2,Positive,Low
STU_1837,The pace of the class is erratic—rushing through hardest topics in the last ten minutes.,Frustration,Teaching,4,Negative,High
STU_3011,Skipped the last three assignments because the mental hurdle of starting felt pointless.,Disengagement,Engagement,4,Negative,High
STU_1244,"The exam was not difficult; in fact, it was very fair and well designed.",Positive,Examination,1,Positive,Low
STU_2539,I haven't slept properly in two weeks and feel like breaking down crying every single day.,High Stress,Mental Well-being,5,Negative,High
STU_2534,I haven't slept properly in two weeks and feel like breaking down crying every single day.,High Stress,Mental Well-being,4,Negative,High
STU_2984,"Just going through the motions to get a passing grade, zero actual learning or interest.",Disengagement,Engagement,3,Negative,Medium
STU_3060,"Just going through the motions to get a passing grade, zero actual learning or interest.",Disengagement,Engagement,2,Negative,Low
STU_2895,I don't even bother opening the textbook anymore because the course feels so irrelevant.,Disengagement,Engagement,2,Negative,Low
STU_1933,The online submission portal crashed right before the assignment deadline.,Frustration,Support,4,Negative,High
STU_1436,"The final grade consists of 40% assignments, 30% midterm, and 30% final exam.",Neutral,Examination,4,Neutral,High
STU_2423,The sheer volume of homework prevents me from sleeping more than four hours a night.,Overload,Workload,5,Negative,High
STU_2763,The academic dread is so intense that I cannot concentrate on anything anymore.,High Stress,Mental Well-being,5,Negative,High
STU_2084,Each problem set takes over 25 hours to complete; there is no time left for other courses.,Overload,Workload,5,Negative,High
STU_2920,I gave up trying to understand the proofs weeks ago; there is no support available.,Disengagement,Engagement,4,Negative,High
STU_2443,Five different assignments due on Sunday night while working part-time is completely unsustainable.,Overload,Workload,4,Negative,High
STU_2840,I feel like an absolute failure who cannot keep up with anyone in this department.,High Stress,Mental Well-being,4,Negative,High
STU_1938,I am not happy with how disorganized the professor is with homework deadlines.,Frustration,Course Content,5,Negative,High
STU_2861,I haven't slept properly in two weeks and feel like breaking down crying every single day.,High Stress,Mental Well-being,5,Negative,High
STU_1993,Students are not happy with the sudden change in exam format.,Frustration,Examination,4,Negative,High
STU_1261,The faculty member is extremely approachable and responds to student emails within hours.,Positive,Support,1,Positive,Low
STU_2036,There is no practice exam provided despite repeated requests from students.,Frustration,Examination,3,Negative,Medium
STU_1296,Excellent balance between theoretical mathematics and practical engineering applications.,Positive,Course Content,2,Positive,Low
STU_1334,I do not feel stressed anymore thanks to the clear explanations in class.,Positive,Teaching,1,Positive,Low
STU_2859,The constant pressure and harsh grading have completely destroyed my mental health this term.,High Stress,Mental Well-being,5,Negative,High
STU_2499,Failing this exam will cost me my scholarship and visa; the stress is paralyzing me.,High Stress,Mental Well-being,5,Negative,High
STU_2003,I am definitely not happy with the way this midterm was graded.,Frustration,Examination,4,Negative,High
STU_2412,The workload in this 3-credit course feels like a full-time 12-credit program.,Overload,Workload,4,Negative,High
STU_1902,Lab equipment is outdated and half the software licenses are expired.,Frustration,Lab Work,4,Negative,High
STU_1868,The professor reads monotone slides without ever looking up or answering chat questions.,Frustration,Teaching,4,Negative,High
STU_2304,Impossible expectations: coding an entire web app from scratch in 3 days with no starter code.,Overload,Workload,4,Negative,High
STU_2022,There is no practice exam provided despite repeated requests from students.,Frustration,Examination,3,Negative,Medium
STU_2197,Continuous back-to-back assignments leave zero breathing room for revision or proper understanding.,Overload,Workload,4,Negative,High
STU_1541,Textbook chapter summaries are provided at the end of each slide deck.,Neutral,Course Content,2,Neutral,Low
STU_2997,Skipped the last three assignments because the mental hurdle of starting felt pointless.,Disengagement,Engagement,3,Negative,Medium
STU_2063,Students are not happy with the sudden change in exam format.,Frustration,Examination,4,Negative,High
STU_2145,Impossible expectations: coding an entire web app from scratch in 3 days with no starter code.,Overload,Workload,5,Negative,High
STU_2205,Having three heavy project deadlines and two midterms in the exact same 48 hours is impossible.,Overload,Workload,4,Negative,High
STU_1825,I am not happy with how disorganized the lecturer is with homework deadlines.,Frustration,Course Content,4,Negative,High
STU_2078,I am definitely not happy with the way this midterm was graded.,Frustration,Examination,4,Negative,High
STU_2820,I feel completely overwhelmed and hopeless about passing this course despite studying constantly.,High Stress,Mental Well-being,4,Negative,High
STU_1757,Lecture slides are just copied directly from the textbook with zero additional explanation.,Frustration,Teaching,3,Negative,Medium
STU_1160,Very engaging teaching style! Kept all students motivated even during morning lectures.,Positive,Teaching,1,Positive,Low
STU_2813,The academic dread is so intense that I cannot concentrate on anything anymore.,High Stress,Mental Well-being,5,Negative,High
STU_1440,Reference materials are available in the university library reserve section.,Neutral,Library/Resources,2,Neutral,Low
STU_1976,I am not happy with how disorganized the professor is with homework deadlines.,Frustration,Course Content,4,Negative,High
STU_1267,The professor is extremely approachable and responds to student emails within hours.,Positive,Support,1,Positive,Low
STU_1871,I am definitely not happy with the way this midterm was graded.,Frustration,Examination,3,Negative,Medium
STU_1128,Brilliant lectures! Professor always connects academic theories with real-world industry case studies.,Positive,Teaching,2,Positive,Low
STU_1189,Course materials and lecture slides are well structured and easy to follow.,Positive,Course Content,1,Positive,Low
STU_1168,Course materials and lecture slides are well structured and easy to follow.,Positive,Course Content,2,Positive,Low
STU_1844,Office hour queues are two hours long and TA runs out of time before seeing half the students.,Frustration,Support,4,Negative,High
STU_1872,Office hour queues are two hours long and TA runs out of time before seeing half the students.,Frustration,Support,3,Negative,Medium
STU_2458,The sheer volume of homework prevents me from sleeping more than four hours a night.,Overload,Workload,5,Negative,High
STU_2656,The academic dread is so intense that I cannot concentrate on anything anymore.,High Stress,Mental Well-being,5,Negative,High
STU_1201,"The exam was not difficult; in fact, it was very fair and well designed.",Positive,Examination,1,Positive,Low
STU_1931,The professor reads monotone slides without ever looking up or answering chat questions.,Frustration,Teaching,4,Negative,High
STU_1740,The pace of the class is erratic—rushing through hardest topics in the last ten minutes.,Frustration,Teaching,3,Negative,Medium
STU_1395,Group assignments encouraged great teamwork and problem-solving skills.,Positive,Course Content,2,Positive,Low
STU_2193,The sheer volume of homework prevents me from sleeping more than four hours a night.,Overload,Workload,5,Negative,High
STU_3052,I don't even bother opening the textbook anymore because the course feels so irrelevant.,Disengagement,Engagement,3,Negative,Medium
STU_1672,Textbook chapter summaries are provided at the end of each slide deck.,Neutral,Course Content,1,Neutral,Low
STU_2766,I haven't slept properly in two weeks and feel like breaking down crying every single day.,High Stress,Mental Well-being,5,Negative,High
STU_1508,The course prerequisite list includes calculus and introductory programming.,Neutral,Course Content,1,Neutral,Low
STU_2511,I am experiencing chest tightness and insomnia every time I think about my GPA.,High Stress,Mental Well-being,5,Negative,High
STU_2988,Lectures are so boring and uninspired that everyone just browses their phones in silence.,Disengagement,Engagement,1,Negative,Low
STU_1774,"Teaching assistants took over a month to return our graded homework, leaving us blind for midterms.",Frustration,Support,5,Negative,High
STU_2909,I don't even bother opening the textbook anymore because the course feels so irrelevant.,Disengagement,Engagement,2,Negative,Low
STU_1287,I am not stressed at all because the professor provided excellent prep materials.,Positive,Teaching,1,Positive,Low
STU_2378,Continuous back-to-back assignments leave zero breathing room for revision or proper understanding.,Overload,Workload,3,Negative,Medium
STU_2174,Having three heavy project deadlines and two midterms in the exact same 48 hours is impossible.,Overload,Workload,5,Negative,High
STU_2975,I don't even bother opening the textbook anymore because the curriculum feels so irrelevant.,Disengagement,Engagement,4,Negative,High
STU_2366,We are assigned new complex chapters right during midterms week with no extension.,Overload,Workload,3,Negative,Medium
STU_1583,Lectures are recorded and uploaded to the student portal within 24 hours.,Neutral,Support,3,Neutral,Medium
STU_1613,Lab sessions are held every Thursday afternoon for two hours.,Neutral,Lab Work,2,Neutral,Low
STU_1718,Emails sent to the course instructor are routinely ignored for weeks.,Frustration,Support,4,Negative,High
STU_1479,Lectures are recorded and uploaded to the student portal within 24 hours.,Neutral,Support,2,Neutral,Low
STU_3051,I have completely lost motivation and stopped attending lectures because nothing makes sense.,Disengagement,Engagement,3,Negative,Medium
STU_2093,Continuous back-to-back assignments leave zero breathing room for revision or proper understanding.,Overload,Workload,3,Negative,Medium
STU_2363,Having three heavy project deadlines and two midterms in the exact same 48 hours is impossible.,Overload,Workload,5,Negative,High
STU_3050,I don't even bother opening the textbook anymore because the course feels so irrelevant.,Disengagement,Engagement,3,Negative,Medium
STU_2464,Five different assignments due on Sunday night while working part-time is completely unsustainable.,Overload,Workload,5,Negative,High
STU_2159,The weekly reading workload exceeds 150 pages of dense academic papers on top of coding labs.,Overload,Workload,3,Negative,Medium
STU_2192,The sheer volume of homework prevents me from sleeping more than four hours a night.,Overload,Workload,5,Negative,High
STU_2528,I am experiencing chest tightness and insomnia every time I think about my GPA.,High Stress,Mental Well-being,5,Negative,High
STU_1484,Lectures are recorded and uploaded to the student portal within 24 hours.,Neutral,Support,2,Neutral,Low
STU_2872,The constant pressure and harsh grading have completely destroyed my mental health this term.,High Stress,Mental Well-being,4,Negative,High
STU_1929,Lab equipment is outdated and half the software licenses are expired.,Frustration,Lab Work,3,Negative,Medium
STU_1011,"Feedback on homework was detailed and constructive, helping me improve each week.",Positive,Teaching,1,Positive,Low
STU_2930,I feel completely detached from this subject; I'm just guessing on quizzes to get it over with.,Disengagement,Engagement,4,Negative,High
STU_2173,Five different assignments due on Sunday night while working part-time is completely unsustainable.,Overload,Workload,5,Negative,High
STU_1611,Weekly attendance is tracked using the digital portal at the start of class.,Neutral,Teaching,2,Neutral,Low
STU_1920,I am definitely not happy with the way this midterm was graded.,Frustration,Examination,5,Negative,High
STU_1256,Office hours were incredibly helpful. The teaching assistants always took time to help us debug.,Positive,Support,1,Positive,Low
STU_2334,Impossible expectations: coding an entire web app from scratch in 3 days with no starter code.,Overload,Workload,5,Negative,High
STU_2550,I haven't slept properly in two weeks and feel like breaking down crying every single day.,High Stress,Mental Well-being,5,Negative,High
STU_1098,"Feedback on homework was detailed and constructive, helping me improve each week.",Positive,Teaching,2,Positive,Low
STU_1254,I do not feel stressed anymore thanks to the clear explanations in class.,Positive,Teaching,1,Positive,Low
STU_1726,The grading criteria for the term paper were extremely vague and subjective.,Frustration,Examination,2,Negative,Low
STU_2877,The academic dread is so intense that I cannot concentrate on anything anymore.,High Stress,Mental Well-being,5,Negative,High
STU_2285,Impossible expectations: coding an entire web app from scratch in 3 days with no starter code.,Overload,Workload,5,Negative,High
STU_3032,I gave up trying to understand the proofs weeks ago; there is no support available.,Disengagement,Engagement,4,Negative,High
STU_3095,Nobody in our study group cares anymore; we have all checked out mentally.,Disengagement,Engagement,4,Negative,High
STU_1123,I am not stressed at all because the professor provided excellent prep materials.,Positive,Teaching,2,Positive,Low
STU_2500,The academic dread is so intense that I cannot concentrate on anything anymore.,High Stress,Mental Well-being,5,Negative,High
STU_1227,The campus study spaces and library resources made exam preparation much smoother.,Positive,Library/Resources,1,Positive,Low
STU_2850,The academic dread is so intense that I cannot concentrate on anything anymore.,High Stress,Mental Well-being,5,Negative,High
STU_1866,The pace of the class is erratic—rushing through hardest topics in the last ten minutes.,Frustration,Teaching,5,Negative,High
STU_2883,Lectures are so boring and uninspired that everyone just browses their phones in silence.,Disengagement,Engagement,2,Negative,Low
STU_1623,Lectures are recorded and uploaded to the student portal within 24 hours.,Neutral,Support,2,Neutral,Low
STU_2586,The constant pressure and harsh grading have completely destroyed my mental health this term.,High Stress,Mental Well-being,5,Negative,High
STU_1495,Lectures are recorded and uploaded to the student portal within 24 hours.,Neutral,Support,3,Neutral,Medium
STU_1530,"The final grade consists of 40% assignments, 30% midterm, and 30% final exam.",Neutral,Examination,4,Neutral,High
STU_2214,Continuous back-to-back assignments leave zero breathing room for revision or proper understanding.,Overload,Workload,4,Negative,High
STU_2106,We are assigned new complex chapters right during midterms week with no extension.,Overload,Workload,4,Negative,High
STU_1058,I really enjoyed the hands-on lab sessions this semester; they made theoretical concepts easy to grasp.,Positive,Lab Work,1,Positive,Low
STU_1048,Office hours were incredibly clear. The teaching assistants always took time to help us debug.,Positive,Support,1,Positive,Low
STU_1328,"The exam was not difficult; in fact, it was very fair and well designed.",Positive,Examination,1,Positive,Low
STU_2302,Impossible expectations: coding an entire web app from scratch in 3 days with no starter code.,Overload,Workload,5,Negative,High
STU_2551,Severe burnout and depression are making it impossible to even get out of bed for class.,High Stress,Mental Well-being,4,Negative,High
STU_1698,I cannot understand why the grading took four weeks without any updates.,Frustration,Support,4,Negative,High
STU_2068,Lecture slides are just copied directly from the textbook with zero additional explanation.,Frustration,Teaching,3,Negative,Medium
STU_1640,Weekly attendance is tracked using the digital portal at the start of class.,Neutral,Teaching,2,Neutral,Low
STU_2131,The sheer volume of homework prevents me from sleeping more than four hours a night.,Overload,Workload,5,Negative,High
STU_2048,Students are not happy with the sudden change in exam format.,Frustration,Examination,5,Negative,High
STU_1191,The professor explains complex algorithms with great clarity and patience.,Positive,Teaching,1,Positive,Low
STU_1438,Homework is submitted via the online learning management system by Sunday midnight.,Neutral,Course Content,3,Neutral,Medium
STU_1582,"The final grade consists of 40% assignments, 30% midterm, and 30% final exam.",Neutral,Examination,4,Neutral,High
STU_2108,Having three heavy project deadlines and two midterms in the exact same 48 hours is impossible.,Overload,Workload,4,Negative,High
STU_2066,There is no practice exam provided despite repeated requests from students.,Frustration,Examination,2,Negative,Low
STU_1259,The campus study spaces and library resources made exam preparation much smoother.,Positive,Library/Resources,1,Positive,Low
STU_2516,The academic dread is so intense that I cannot concentrate on anything anymore.,High Stress,Mental Well-being,5,Negative,High
STU_2473,The sheer volume of homework prevents me from sleeping more than four hours a night.,Overload,Workload,5,Negative,High
STU_2486,I am having severe anxiety and panic attacks because of the upcoming final exam.,High Stress,Mental Well-being,5,Negative,High
STU_1799,The grading criteria for the term paper were extremely vague and subjective.,Frustration,Examination,3,Negative,Medium
STU_2747,Severe burnout and depression are making it impossible to even get out of bed for class.,High Stress,Mental Well-being,5,Negative,High
STU_2101,Continuous back-to-back assignments leave zero breathing room for revision or proper understanding.,Overload,Workload,4,Negative,High
STU_2682,The academic dread is so intense that I cannot concentrate on anything anymore.,High Stress,Mental Well-being,5,Negative,High
STU_1173,The grading rubric was transparent and fair for all midterm projects.,Positive,Examination,1,Positive,Low
STU_1618,Weekly attendance is tracked using the digital portal at the start of class.,Neutral,Teaching,2,Neutral,Low
STU_1405,Homework is submitted via the online learning management system by Sunday midnight.,Neutral,Course Content,2,Neutral,Low
STU_2589,I feel like an absolute failure who cannot keep up with anyone in this department.,High Stress,Mental Well-being,5,Negative,High
STU_1829,The pace of the class is erratic—rushing through hardest topics in the last ten minutes.,Frustration,Teaching,4,Negative,High
STU_3043,I have completely lost motivation and stopped attending lectures because nothing makes sense.,Disengagement,Engagement,4,Negative,High
STU_2776,The constant pressure and harsh grading have completely destroyed my mental health this term.,High Stress,Mental Well-being,5,Negative,High
STU_1708,I cannot understand why the grading took four weeks without any updates.,Frustration,Support,4,Negative,High
STU_2888,Lectures are so boring and uninspired that everyone just browses their phones in silence.,Disengagement,Engagement,2,Negative,Low
STU_1906,The pace of the class is erratic—rushing through hardest topics in the last ten minutes.,Frustration,Teaching,4,Negative,High
STU_2336,Five different assignments due on Sunday night while working part-time is completely unsustainable.,Overload,Workload,5,Negative,High
STU_3007,Nobody in our study group cares anymore; we have all checked out mentally.,Disengagement,Engagement,3,Negative,Medium
STU_2615,I am experiencing chest tightness and insomnia every time I think about my GPA.,High Stress,Mental Well-being,5,Negative,High
STU_2279,Continuous back-to-back assignments leave zero breathing room for revision or proper understanding.,Overload,Workload,4,Negative,High
STU_2115,We are assigned new complex chapters right during midterms week with no extension.,Overload,Workload,5,Negative,High
STU_2762,The constant pressure and harsh grading have completely destroyed my mental health this term.,High Stress,Mental Well-being,4,Negative,High
STU_2319,Too many mandatory group meetings and simultaneous milestone submissions this month.,Overload,Workload,5,Negative,High
STU_1914,I am definitely not happy with the way this midterm was graded.,Frustration,Examination,5,Negative,High
STU_1828,I am definitely not happy with the way this midterm was graded.,Frustration,Examination,5,Negative,High
STU_2435,The weekly reading workload exceeds 150 pages of dense academic papers on top of coding labs.,Overload,Workload,4,Negative,High
STU_1301,The campus study spaces and library resources made quiz preparation much smoother.,Positive,Library/Resources,1,Positive,Low
STU_2775,The constant pressure and harsh grading have completely destroyed my mental health this term.,High Stress,Mental Well-being,5,Negative,High
STU_2081,The sheer volume of homework prevents me from sleeping more than four hours a night.,Overload,Workload,5,Negative,High
STU_1573,Textbook chapter summaries are provided at the end of each slide deck.,Neutral,Course Content,2,Neutral,Low
STU_2939,Skipped the last three assignments because the mental hurdle of starting felt pointless.,Disengagement,Engagement,4,Negative,High
STU_2880,Severe burnout and depression are making it impossible to even get out of bed for class.,High Stress,Mental Well-being,4,Negative,High
STU_1643,Textbook chapter summaries are provided at the end of each slide deck.,Neutral,Course Content,3,Neutral,Medium
STU_2522,I feel like an absolute failure who cannot keep up with anyone in this department.,High Stress,Mental Well-being,4,Negative,High
STU_2478,Having three heavy project deadlines and two midterms in the exact same 48 hours is impossible.,Overload,Workload,3,Negative,Medium
STU_1624,The course syllabus was distributed on the first day of class as scheduled.,Neutral,Course Content,1,Neutral,Low
STU_2902,I don't even bother opening the textbook anymore because the course feels so irrelevant.,Disengagement,Engagement,4,Negative,High
STU_2436,Each problem set takes over 25 hours to complete; there is no time left for other courses.,Overload,Workload,5,Negative,High
STU_2395,Impossible expectations: coding an entire web app from scratch in 3 days with no starter code.,Overload,Workload,5,Negative,High
STU_1824,Lab equipment is outdated and half the software licenses are expired.,Frustration,Lab Work,2,Negative,Low
STU_1859,The grading criteria for the term paper were extremely vague and subjective.,Frustration,Examination,3,Negative,Medium
STU_1606,Discussion forums are moderated by graduate teaching assistants.,Neutral,Support,1,Neutral,Low
STU_2065,The grading criteria for the term paper were extremely vague and subjective.,Frustration,Examination,3,Negative,Medium
STU_2681,Severe burnout and depression are making it impossible to even get out of bed for class.,High Stress,Mental Well-being,5,Negative,High
STU_2782,I feel suffocated by academic deadlines; I don't know who to talk to and feel totally alone.,High Stress,Mental Well-being,5,Negative,High
STU_2935,Skipped the last three assignments because the mental hurdle of starting felt pointless.,Disengagement,Engagement,4,Negative,High
STU_2294,The sheer volume of homework prevents me from sleeping more than four hours a night.,Overload,Workload,5,Negative,High
STU_1119,Office hours were incredibly helpful. The teaching assistants always took time to help us debug.,Positive,Support,1,Positive,Low
STU_2177,Each problem set takes over 25 hours to complete; there is no time left for other courses.,Overload,Workload,4,Negative,High
STU_2793,The academic dread is so intense that I cannot concentrate on anything anymore.,High Stress,Mental Well-being,5,Negative,High
STU_2314,Five different assignments due on Sunday night while working part-time is completely unsustainable.,Overload,Workload,5,Negative,High
STU_2353,Impossible expectations: coding an entire web app from scratch in 3 days with no starter code.,Overload,Workload,5,Negative,High
STU_2924,I feel completely detached from this subject; I'm just guessing on quizzes to get it over with.,Disengagement,Engagement,4,Negative,High
STU_2555,I feel completely overwhelmed and hopeless about passing this course despite studying constantly.,High Stress,Mental Well-being,4,Negative,High
STU_1806,The faculty member reads monotone slides without ever looking up or answering chat questions.,Frustration,Teaching,4,Negative,High
STU_1126,The weekly quizzes gave immediate feedback that helped me stay on track throughout the term.,Positive,Examination,1,Positive,Low
STU_3028,Nobody in our study group cares anymore; we have all checked out mentally.,Disengagement,Engagement,3,Negative,Medium
STU_1337,The teacher explains complex algorithms with great clarity and patience.,Positive,Teaching,1,Positive,Low
STU_2582,The academic dread is so intense that I cannot concentrate on anything anymore.,High Stress,Mental Well-being,5,Negative,High
STU_1823,Emails sent to the course instructor are routinely ignored for weeks.,Frustration,Support,4,Negative,High
STU_1645,The midterm exam covered chapters 1 through 5 of the textbook.,Neutral,Examination,3,Neutral,Medium
STU_1693,Emails sent to the subject instructor are routinely ignored for weeks.,Frustration,Support,4,Negative,High
STU_1174,The campus study spaces and library resources made exam preparation much smoother.,Positive,Library/Resources,1,Positive,Low
STU_1143,I do not feel stressed anymore thanks to the clear explanations in class.,Positive,Teaching,1,Positive,Low
STU_2060,We were tested on material that was never discussed in class or assigned in readings.,Frustration,Examination,5,Negative,High
STU_2652,I feel completely overwhelmed and hopeless about passing this course despite studying constantly.,High Stress,Mental Well-being,5,Negative,High
STU_2470,Having three heavy project deadlines and two midterms in the exact same 48 hours is impossible.,Overload,Workload,3,Negative,Medium
STU_1021,"The exam was not difficult; in fact, it was very fair and well designed.",Positive,Examination,1,Positive,Low
STU_2796,I am experiencing chest tightness and insomnia every time I think about my GPA.,High Stress,Mental Well-being,4,Negative,High
STU_1299,The professor is extremely approachable and responds to student emails within hours.,Positive,Support,2,Positive,Low
STU_1907,Lecture slides are just copied directly from the textbook with zero additional explanation.,Frustration,Teaching,3,Negative,Medium
STU_1061,I really enjoyed the hands-on lab sessions this semester; they made theoretical concepts easy to grasp.,Positive,Lab Work,1,Positive,Low
STU_2816,I am having severe anxiety and panic attacks because of the upcoming final final evaluation.,High Stress,Mental Well-being,4,Negative,High
STU_2398,The sheer volume of homework prevents me from sleeping more than four hours a night.,Overload,Workload,5,Negative,High
STU_2628,I feel completely overwhelmed and hopeless about passing this course despite studying constantly.,High Stress,Mental Well-being,5,Negative,High
STU_2058,The grading criteria for the term paper were extremely vague and subjective.,Frustration,Examination,2,Negative,Low
STU_1940,The professor reads monotone slides without ever looking up or answering chat questions.,Frustration,Teaching,5,Negative,High
STU_1839,The online submission portal crashed right before the task deadline.,Frustration,Support,5,Negative,High
STU_1847,I am not happy with how disorganized the professor is with homework deadlines.,Frustration,Course Content,4,Negative,High
STU_1879,There is no practice exam provided despite repeated requests from students.,Frustration,Examination,3,Negative,Medium
STU_2643,The constant pressure and harsh grading have completely destroyed my mental health this term.,High Stress,Mental Well-being,5,Negative,High
STU_3093,Nobody in our study group cares anymore; we have all checked out mentally.,Disengagement,Engagement,4,Negative,High
STU_1468,"The final grade consists of 40% assignments, 30% midterm, and 30% final exam.",Neutral,Examination,3,Neutral,Medium
STU_2613,I am experiencing chest tightness and insomnia every time I think about my GPA.,High Stress,Mental Well-being,4,Negative,High
STU_1864,I am not happy with how disorganized the instructor is with homework deadlines.,Frustration,Course Content,4,Negative,High
STU_2085,The weekly reading workload exceeds 150 pages of dense academic papers on top of coding labs.,Overload,Workload,5,Negative,High
STU_2544,The academic dread is so intense that I cannot concentrate on anything anymore.,High Stress,Mental Well-being,5,Negative,High
STU_2543,I am having severe anxiety and panic attacks because of the upcoming final exam.,High Stress,Mental Well-being,4,Negative,High
STU_1311,Office hours were incredibly helpful. The teaching assistants always took time to help us debug.,Positive,Support,1,Positive,Low
STU_2936,I gave up trying to understand the proofs weeks ago; there is no support available.,Disengagement,Engagement,5,Negative,High
STU_2362,The weekly reading workload exceeds 150 pages of dense academic papers on top of coding labs.,Overload,Workload,4,Negative,High
STU_2290,Impossible expectations: coding an entire web app from scratch in 3 days with no starter code.,Overload,Workload,5,Negative,High
STU_3003,"Just going through the motions to get a passing grade, zero actual learning or interest.",Disengagement,Engagement,1,Negative,Low
STU_1850,"Teaching assistants took over a month to return our graded homework, leaving us blind for midterms.",Frustration,Support,4,Negative,High
STU_2546,I am experiencing chest tightness and insomnia every time I think about my GPA.,High Stress,Mental Well-being,4,Negative,High
STU_2868,The constant pressure and harsh grading have completely destroyed my mental health this term.,High Stress,Mental Well-being,5,Negative,High
STU_1763,The professor reads monotone slides without ever looking up or answering chat questions.,Frustration,Teaching,5,Negative,High
STU_1545,The schedule for office hours was updated on the main dashboard.,Neutral,Support,1,Neutral,Low
STU_1175,The teacher explains complex algorithms with great clarity and patience.,Positive,Teaching,1,Positive,Low
STU_1351,I am not overwhelmed at all now that the TA helped clarify the project roadmap.,Positive,Support,1,Positive,Low
STU_2035,Confusing instructions on the final project caused our entire group to lose points unfairly.,Frustration,Course Content,3,Negative,Medium
STU_1588,Reference materials are available in the university library reserve section.,Neutral,Library/Resources,1,Neutral,Low
STU_3044,Skipped the last three assignments because the mental hurdle of starting felt pointless.,Disengagement,Engagement,5,Negative,High
STU_2964,I don't even bother opening the textbook anymore because the course feels so irrelevant.,Disengagement,Engagement,2,Negative,Low
STU_2658,Failing this exam will cost me my scholarship and visa; the stress is paralyzing me.,High Stress,Mental Well-being,5,Negative,High
STU_2710,Failing this exam will cost me my scholarship and visa; the stress is paralyzing me.,High Stress,Mental Well-being,5,Negative,High
STU_1503,Lab sessions are held every Thursday afternoon for two hours.,Neutral,Lab Work,1,Neutral,Low
STU_1014,"Feedback on homework was detailed and constructive, helping me improve each week.",Positive,Teaching,1,Positive,Low
STU_2575,Failing this exam will cost me my scholarship and visa; the stress is paralyzing me.,High Stress,Mental Well-being,4,Negative,High
STU_2798,The constant pressure and harsh grading have completely destroyed my mental health this term.,High Stress,Mental Well-being,5,Negative,High
STU_2832,I am having severe anxiety and panic attacks because of the upcoming final test.,High Stress,Mental Well-being,5,Negative,High
STU_1900,Emails sent to the course instructor are routinely ignored for weeks.,Frustration,Support,3,Negative,Medium
STU_1414,Lab sessions are held every Thursday afternoon for two hours.,Neutral,Lab Work,2,Neutral,Low
STU_2932,I feel completely detached from this subject; I'm just guessing on quizzes to get it over with.,Disengagement,Engagement,3,Negative,Medium
STU_1252,Office hours were incredibly helpful. The teaching assistants always took time to help us debug.,Positive,Support,1,Positive,Low
STU_1283,Office hours were incredibly helpful. The teaching assistants always took time to help us debug.,Positive,Support,2,Positive,Low
STU_2678,I feel completely overwhelmed and hopeless about passing this course despite studying constantly.,High Stress,Mental Well-being,5,Negative,High
STU_1686,I am definitely not happy with the way this midterm was graded.,Frustration,Examination,3,Negative,Medium
STU_1745,The pace of the class is erratic—rushing through hardest topics in the last ten minutes.,Frustration,Teaching,4,Negative,High
STU_2326,The sheer volume of homework prevents me from sleeping more than four hours a night.,Overload,Workload,5,Negative,High
STU_1316,The campus study spaces and library resources made quiz preparation much smoother.,Positive,Library/Resources,1,Positive,Low
STU_1204,Brilliant lectures! Professor always connects academic theories with real-world industry case studies.,Positive,Teaching,1,Positive,Low
STU_2501,I feel completely overwhelmed and hopeless about passing this module despite studying constantly.,High Stress,Mental Well-being,5,Negative,High
STU_2021,Students are not happy with the sudden change in midterm format.,Frustration,Examination,4,Negative,High
STU_2037,Lecture slides are just copied directly from the textbook with zero additional explanation.,Frustration,Teaching,4,Negative,High
STU_2561,Failing this quiz will cost me my scholarship and visa; the stress is paralyzing me.,High Stress,Mental Well-being,5,Negative,High
STU_1905,Lab equipment is outdated and half the software licenses are expired.,Frustration,Lab Work,2,Negative,Low
STU_2451,Continuous back-to-back assignments leave zero breathing room for revision or proper understanding.,Overload,Workload,5,Negative,High
STU_1599,The course syllabus was distributed on the first day of class as scheduled.,Neutral,Course Content,3,Neutral,Medium
STU_2492,I haven't slept properly in two weeks and feel like breaking down crying every single day.,High Stress,Mental Well-being,5,Negative,High
STU_1322,Excellent balance between theoretical mathematics and practical engineering applications.,Positive,Course Content,3,Positive,Medium
STU_1741,The professor reads monotone slides without ever looking up or answering chat questions.,Frustration,Teaching,4,Negative,High
STU_1421,Lectures are recorded and uploaded to the student portal within 24 hours.,Neutral,Support,1,Neutral,Low
STU_1242,The professor is extremely approachable and responds to student emails within hours.,Positive,Support,1,Positive,Low
STU_2291,The workload in this 3-credit class feels like a full-time 12-credit program.,Overload,Workload,5,Negative,High
STU_1343,Office hours were incredibly helpful. The teaching assistants always took time to help us debug.,Positive,Support,2,Positive,Low
STU_1216,"The midterm was not difficult; in fact, it was very fair and well designed.",Positive,Examination,1,Positive,Low
STU_2039,I am not happy with how disorganized the professor is with homework deadlines.,Frustration,Course Content,3,Negative,Medium
STU_1086,The grading rubric was transparent and fair for all midterm projects.,Positive,Examination,1,Positive,Low
STU_2152,Continuous back-to-back assignments leave zero breathing room for revision or proper understanding.,Overload,Workload,4,Negative,High
STU_2687,I am having severe anxiety and panic attacks because of the upcoming final exam.,High Stress,Mental Well-being,5,Negative,High
STU_1209,Excellent balance between theoretical mathematics and practical engineering applications.,Positive,Course Content,2,Positive,Low
STU_3000,Lectures are so boring and uninspired that everyone just browses their phones in silence.,Disengagement,Engagement,1,Negative,Low
STU_2602,I am having severe anxiety and panic attacks because of the upcoming final exam.,High Stress,Mental Well-being,4,Negative,High
STU_2249,Five different assignments due on Sunday night while working part-time is completely unsustainable.,Overload,Workload,5,Negative,High
STU_2251,The sheer volume of homework prevents me from sleeping more than four hours a night.,Overload,Workload,4,Negative,High
STU_2601,I haven't slept properly in two weeks and feel like breaking down crying every single day.,High Stress,Mental Well-being,4,Negative,High
STU_1217,I am not stressed at all because the professor provided excellent prep materials.,Positive,Teaching,1,Positive,Low
STU_1228,The grading rubric was transparent and fair for all midterm projects.,Positive,Examination,1,Positive,Low
STU_2548,I feel like an absolute failure who cannot keep up with anyone in this department.,High Stress,Mental Well-being,5,Negative,High
STU_2724,I am experiencing chest tightness and insomnia every time I think about my GPA.,High Stress,Mental Well-being,5,Negative,High
STU_1937,The pace of the class is erratic—rushing through hardest topics in the last ten minutes.,Frustration,Teaching,4,Negative,High
STU_2637,I feel suffocated by academic deadlines; I don't know who to talk to and feel totally alone.,High Stress,Mental Well-being,5,Negative,High
STU_1897,There is no practice exam provided despite repeated requests from students.,Frustration,Examination,3,Negative,Medium
STU_1104,Course materials and lecture slides are well structured and easy to follow.,Positive,Course Content,1,Positive,Low
STU_2447,Having three heavy project deadlines and two midterms in the exact same 48 hours is impossible.,Overload,Workload,3,Negative,Medium
STU_1214,The campus study spaces and library resources made final evaluation preparation much smoother.,Positive,Library/Resources,1,Positive,Low
STU_2372,The workload in this 3-credit course feels like a full-time 12-credit program.,Overload,Workload,4,Negative,High
STU_3033,Skipped the last three assignments because the mental hurdle of starting felt pointless.,Disengagement,Engagement,4,Negative,High
STU_2056,The online submission portal crashed right before the assignment deadline.,Frustration,Support,5,Negative,High
STU_2790,I feel suffocated by academic deadlines; I don't know who to talk to and feel totally alone.,High Stress,Mental Well-being,5,Negative,High
STU_2999,I feel completely detached from this subject; I'm just guessing on quizzes to get it over with.,Disengagement,Engagement,4,Negative,High
STU_2870,I feel suffocated by academic deadlines; I don't know who to talk to and feel totally alone.,High Stress,Mental Well-being,5,Negative,High
STU_1310,Brilliant lectures! Teacher always connects academic theories with real-world industry case studies.,Positive,Teaching,1,Positive,Low
STU_1548,The course syllabus was distributed on the first day of class as scheduled.,Neutral,Course Content,2,Neutral,Low
STU_2827,Failing this exam will cost me my scholarship and visa; the stress is paralyzing me.,High Stress,Mental Well-being,5,Negative,High
STU_2578,The academic dread is so intense that I cannot concentrate on anything anymore.,High Stress,Mental Well-being,5,Negative,High
STU_1096,Excellent balance between theoretical mathematics and practical engineering applications.,Positive,Course Content,2,Positive,Low
STU_2576,I feel like an absolute failure who cannot keep up with anyone in this department.,High Stress,Mental Well-being,5,Negative,High
STU_1728,Lab equipment is outdated and half the software licenses are expired.,Frustration,Lab Work,3,Negative,Medium
STU_2608,I am having severe anxiety and panic attacks because of the upcoming final exam.,High Stress,Mental Well-being,4,Negative,High
STU_1697,There is no practice final evaluation provided despite repeated requests from students.,Frustration,Examination,3,Negative,Medium
STU_1529,The subject prerequisite list includes calculus and introductory programming.,Neutral,Course Content,3,Neutral,Medium
STU_3009,I have completely lost motivation and stopped attending lectures because nothing makes sense.,Disengagement,Engagement,3,Negative,Medium
STU_1459,Textbook chapter summaries are provided at the end of each slide deck.,Neutral,Course Content,3,Neutral,Medium
STU_2151,Too many mandatory group meetings and simultaneous milestone submissions this month.,Overload,Workload,4,Negative,High
STU_1248,I am not overwhelmed at all now that the TA helped clarify the project roadmap.,Positive,Support,1,Positive,Low
STU_1465,Textbook chapter summaries are provided at the end of each slide deck.,Neutral,Course Content,2,Neutral,Low
STU_2265,The sheer volume of homework prevents me from sleeping more than four hours a night.,Overload,Workload,5,Negative,High
STU_1234,I am not stressed at all because the professor provided excellent prep materials.,Positive,Teaching,1,Positive,Low
STU_1882,The online submission portal crashed right before the assignment deadline.,Frustration,Support,3,Negative,Medium
STU_1692,The grading criteria for the term paper were extremely vague and subjective.,Frustration,Examination,2,Negative,Low
STU_2901,I feel completely detached from this subject; I'm just guessing on quizzes to get it over with.,Disengagement,Engagement,3,Negative,Medium
STU_2653,The academic dread is so intense that I cannot concentrate on anything anymore.,High Stress,Mental Well-being,5,Negative,High
STU_1066,"Loved the practical coding assignments, they gave me confidence for upcoming software internships.",Positive,Course Content,2,Positive,Low
STU_2032,I am not happy with how disorganized the professor is with homework deadlines.,Frustration,Course Content,3,Negative,Medium
STU_2951,Nobody in our study group cares anymore; we have all checked out mentally.,Disengagement,Engagement,3,Negative,Medium
STU_2696,I feel suffocated by academic deadlines; I don't know who to talk to and feel totally alone.,High Stress,Mental Well-being,5,Negative,High
STU_1358,Group assignments encouraged great teamwork and problem-solving skills.,Positive,Course Content,2,Positive,Low
STU_3081,I gave up trying to understand the proofs weeks ago; there is no support available.,Disengagement,Engagement,4,Negative,High
STU_2387,We are assigned new complex chapters right during midterms week with no extension.,Overload,Workload,4,Negative,High
STU_1732,I cannot understand why the grading took four weeks without any updates.,Frustration,Support,5,Negative,High
STU_1535,Textbook chapter summaries are provided at the end of each slide deck.,Neutral,Course Content,2,Neutral,Low
STU_2805,I feel like an absolute failure who cannot keep up with anyone in this department.,High Stress,Mental Well-being,5,Negative,High
STU_1735,Lecture slides are just copied directly from the textbook with zero additional explanation.,Frustration,Teaching,3,Negative,Medium
STU_1038,Group assignments encouraged great teamwork and problem-solving skills.,Positive,Course Content,1,Positive,Low
STU_1097,The grading rubric was transparent and fair for all midterm projects.,Positive,Examination,1,Positive,Low
STU_2141,The workload in this 3-credit course feels like a full-time 12-credit program.,Overload,Workload,4,Negative,High
STU_2982,Nobody in our study group cares anymore; we have all checked out mentally.,Disengagement,Engagement,3,Negative,Medium
STU_1481,The course prerequisite list includes calculus and introductory programming.,Neutral,Course Content,2,Neutral,Low
STU_1622,"The final grade consists of 40% assignments, 30% midterm, and 30% final exam.",Neutral,Examination,3,Neutral,Medium
STU_2012,I am definitely not happy with the way this midterm was graded.,Frustration,Examination,4,Negative,High
STU_2933,Lectures are so boring and uninspired that everyone just browses their phones in silence.,Disengagement,Engagement,3,Negative,Medium
STU_2626,Failing this quiz will cost me my scholarship and visa; the stress is paralyzing me.,High Stress,Mental Well-being,5,Negative,High
STU_1207,Very engaging teaching style! Kept all students motivated even during morning lectures.,Positive,Teaching,2,Positive,Low
STU_2008,There is no practice exam provided despite repeated requests from students.,Frustration,Examination,3,Negative,Medium
STU_2241,The weekly reading workload exceeds 150 pages of dense academic papers on top of coding labs.,Overload,Workload,5,Negative,High
STU_1321,Excellent balance between theoretical mathematics and practical engineering applications.,Positive,Course Content,2,Positive,Low
STU_1409,The midterm final evaluation covered chapters 1 through 5 of the textbook.,Neutral,Examination,3,Neutral,Medium
STU_1355,"Loved the practical coding assignments, they gave me confidence for upcoming software internships.",Positive,Course Content,2,Positive,Low
STU_1265,The campus study spaces and library resources made final evaluation preparation much smoother.,Positive,Library/Resources,1,Positive,Low
STU_1989,"Teaching assistants took over a month to return our graded homework, leaving us blind for midterms.",Frustration,Support,4,Negative,High
STU_2367,Continuous back-to-back assignments leave zero breathing room for revision or proper understanding.,Overload,Workload,5,Negative,High
STU_2969,I have completely lost motivation and stopped attending lectures because nothing makes sense.,Disengagement,Engagement,4,Negative,High
STU_2535,I feel completely overwhelmed and hopeless about passing this course despite studying constantly.,High Stress,Mental Well-being,5,Negative,High
STU_3002,I don't even bother opening the textbook anymore because the course feels so irrelevant.,Disengagement,Engagement,2,Negative,Low
STU_1579,The course prerequisite list includes calculus and introductory programming.,Neutral,Course Content,1,Neutral,Low
STU_1425,Lectures are recorded and uploaded to the student portal within 24 hours.,Neutral,Support,1,Neutral,Low
STU_2274,The weekly reading workload exceeds 150 pages of dense academic papers on top of coding labs.,Overload,Workload,4,Negative,High
STU_1332,Course materials and lecture slides are well structured and easy to follow.,Positive,Course Content,1,Positive,Low
STU_2730,Failing this final evaluation will cost me my scholarship and visa; the stress is paralyzing me.,High Stress,Mental Well-being,4,Negative,High
STU_2638,Failing this exam will cost me my scholarship and visa; the stress is paralyzing me.,High Stress,Mental Well-being,5,Negative,High
STU_1968,Lecture slides are just copied directly from the textbook with zero additional explanation.,Frustration,Teaching,3,Negative,Medium
STU_2631,I feel completely overwhelmed and hopeless about passing this course despite studying constantly.,High Stress,Mental Well-being,5,Negative,High
STU_1738,I am definitely not happy with the way this midterm was graded.,Frustration,Examination,4,Negative,High
STU_2505,I haven't slept properly in two weeks and feel like breaking down crying every single day.,High Stress,Mental Well-being,5,Negative,High
STU_2337,The sheer volume of homework prevents me from sleeping more than four hours a night.,Overload,Workload,5,Negative,High
STU_2379,Five different assignments due on Sunday night while working part-time is completely unsustainable.,Overload,Workload,5,Negative,High
STU_2707,Failing this exam will cost me my scholarship and visa; the stress is paralyzing me.,High Stress,Mental Well-being,5,Negative,High
STU_1854,I cannot understand why the grading took four weeks without any updates.,Frustration,Support,4,Negative,High
STU_1800,The professor reads monotone slides without ever looking up or answering chat questions.,Frustration,Teaching,5,Negative,High
STU_2457,Impossible expectations: coding an entire web app from scratch in 3 days with no starter code.,Overload,Workload,5,Negative,High
STU_2481,I feel suffocated by academic deadlines; I don't know who to talk to and feel totally alone.,High Stress,Mental Well-being,5,Negative,High
STU_1601,The subject prerequisite list includes calculus and introductory programming.,Neutral,Course Content,2,Neutral,Low
STU_2809,Severe burnout and depression are making it impossible to even get out of bed for class.,High Stress,Mental Well-being,4,Negative,High
STU_1269,Very engaging teaching style! Kept all students motivated even during morning lectures.,Positive,Teaching,2,Positive,Low
STU_1960,We were tested on material that was never discussed in class or assigned in readings.,Frustration,Examination,4,Negative,High
STU_2346,The sheer volume of homework prevents me from sleeping more than four hours a night.,Overload,Workload,5,Negative,High
STU_2465,Five different assignments due on Sunday night while working part-time is completely unsustainable.,Overload,Workload,4,Negative,High
STU_2726,I am having severe anxiety and panic attacks because of the upcoming final exam.,High Stress,Mental Well-being,4,Negative,High
STU_2748,I am having severe anxiety and panic attacks because of the upcoming final exam.,High Stress,Mental Well-being,5,Negative,High
STU_2234,Five different assignments due on Sunday night while working part-time is completely unsustainable.,Overload,Workload,5,Negative,High
STU_1695,Lab equipment is outdated and half the software licenses are expired.,Frustration,Lab Work,4,Negative,High
STU_2403,Each problem set takes over 25 hours to complete; there is no time left for other courses.,Overload,Workload,5,Negative,High
STU_2862,Failing this exam will cost me my scholarship and visa; the stress is paralyzing me.,High Stress,Mental Well-being,4,Negative,High
STU_2204,The sheer volume of homework prevents me from sleeping more than four hours a night.,Overload,Workload,5,Negative,High
STU_1450,The module syllabus was distributed on the first day of class as scheduled.,Neutral,Course Content,2,Neutral,Low
STU_2040,The instructor reads monotone slides without ever looking up or answering chat questions.,Frustration,Teaching,3,Negative,Medium
STU_1476,Lectures are recorded and uploaded to the student portal within 24 hours.,Neutral,Support,2,Neutral,Low
STU_1898,The online submission portal crashed right before the assignment deadline.,Frustration,Support,4,Negative,High
STU_1705,Emails sent to the subject instructor are routinely ignored for weeks.,Frustration,Support,4,Negative,High
STU_1962,The grading criteria for the term paper were extremely vague and subjective.,Frustration,Examination,2,Negative,Low
STU_1394,The campus study spaces and library resources made exam preparation much smoother.,Positive,Library/Resources,2,Positive,Low
STU_2488,I am having severe anxiety and panic attacks because of the upcoming final exam.,High Stress,Mental Well-being,5,Negative,High
STU_1590,The course syllabus was distributed on the first day of class as scheduled.,Neutral,Course Content,1,Neutral,Low
STU_1331,The professor is immensely approachable and responds to student emails within hours.,Positive,Support,1,Positive,Low
STU_1043,The textbook recommendations and supplementary reading lists were top-notch.,Positive,Library/Resources,1,Positive,Low
STU_1894,"Teaching assistants took over a month to return our graded homework, leaving us blind for midterms.",Frustration,Support,4,Negative,High
STU_2429,The workload in this 3-credit course feels like a full-time 12-credit program.,Overload,Workload,5,Negative,High
STU_3088,I have completely lost motivation and stopped attending lectures because nothing makes sense.,Disengagement,Engagement,2,Negative,Low
STU_1711,Confusing instructions on the final project caused our entire group to lose points unfairly.,Frustration,Course Content,5,Negative,High
STU_2324,The weekly reading workload exceeds 150 pages of dense academic papers on top of coding labs.,Overload,Workload,5,Negative,High
STU_2276,Five different assignments due on Sunday night while working part-time is completely unsustainable.,Overload,Workload,5,Negative,High
STU_2014,Lecture slides are just copied directly from the textbook with zero additional explanation.,Frustration,Teaching,2,Negative,Low
STU_1240,The faculty member explains complex algorithms with great clarity and patience.,Positive,Teaching,2,Positive,Low
STU_1970,Students are not happy with the sudden change in exam format.,Frustration,Examination,4,Negative,High
STU_2821,I haven't slept properly in two weeks and feel like breaking down crying every single day.,High Stress,Mental Well-being,5,Negative,High
STU_1855,Lecture slides are just copied directly from the textbook with zero additional explanation.,Frustration,Teaching,3,Negative,Medium
STU_2328,The weekly reading workload exceeds 150 pages of dense academic papers on top of coding labs.,Overload,Workload,4,Negative,High
STU_2829,I am experiencing chest tightness and insomnia every time I think about my GPA.,High Stress,Mental Well-being,5,Negative,High
STU_1549,Reference materials are available in the university library reserve section.,Neutral,Library/Resources,3,Neutral,Medium
STU_1131,The campus study spaces and library resources made exam preparation much smoother.,Positive,Library/Resources,2,Positive,Low
STU_2134,Having three heavy project deadlines and two midterms in the exact same 48 hours is impossible.,Overload,Workload,3,Negative,Medium
STU_1647,The course prerequisite list includes calculus and introductory programming.,Neutral,Course Content,1,Neutral,Low
STU_2181,Each problem set takes over 25 hours to complete; there is no time left for other courses.,Overload,Workload,5,Negative,High
STU_2963,Lectures are so boring and uninspired that everyone just browses their phones in silence.,Disengagement,Engagement,2,Negative,Low
STU_1039,Office hours were incredibly helpful. The teaching assistants always took time to help us debug.,Positive,Support,1,Positive,Low
STU_2082,Continuous back-to-back assignments leave zero breathing room for revision or proper understanding.,Overload,Workload,4,Negative,High
STU_1125,"Feedback on homework was detailed and constructive, helping me improve each week.",Positive,Teaching,1,Positive,Low
STU_2463,Too many mandatory group meetings and simultaneous milestone submissions this month.,Overload,Workload,4,Negative,High
STU_1475,The midterm exam covered chapters 1 through 5 of the textbook.,Neutral,Examination,2,Neutral,Low
STU_2000,Office hour queues are two hours long and TA runs out of time before seeing half the students.,Frustration,Support,4,Negative,High
STU_2777,The constant pressure and harsh grading have completely destroyed my mental health this term.,High Stress,Mental Well-being,5,Negative,High
STU_2673,I feel suffocated by academic deadlines; I don't know who to talk to and feel totally alone.,High Stress,Mental Well-being,4,Negative,High
STU_2854,Severe burnout and depression are making it impossible to even get out of bed for class.,High Stress,Mental Well-being,4,Negative,High
STU_2390,Continuous back-to-back assignments leave zero breathing room for revision or proper understanding.,Overload,Workload,4,Negative,High
STU_2916,Lectures are so boring and uninspired that everyone just browses their phones in silence.,Disengagement,Engagement,2,Negative,Low
STU_2253,Five different assignments due on Sunday night while working part-time is completely unsustainable.,Overload,Workload,4,Negative,High
STU_2485,I feel like an absolute failure who cannot keep up with anyone in this department.,High Stress,Mental Well-being,4,Negative,High
STU_3073,I don't even bother opening the textbook anymore because the course feels so irrelevant.,Disengagement,Engagement,3,Negative,Medium
STU_2052,Office hour queues are two hours long and TA runs out of time before seeing half the students.,Frustration,Support,4,Negative,High
STU_1996,Lab equipment is outdated and half the software licenses are expired.,Frustration,Lab Work,2,Negative,Low
STU_1819,Lab equipment is outdated and half the software licenses are expired.,Frustration,Lab Work,3,Negative,Medium
STU_1999,The grading criteria for the term paper were super vague and subjective.,Frustration,Examination,2,Negative,Low
STU_1076,Office hours were incredibly helpful. The teaching assistants always took time to help us debug.,Positive,Support,1,Positive,Low
STU_1596,The schedule for office hours was updated on the main dashboard.,Neutral,Support,1,Neutral,Low
STU_2136,Five different assignments due on Sunday night while working part-time is completely unsustainable.,Overload,Workload,5,Negative,High
STU_2498,I haven't slept properly in two weeks and feel like breaking down crying every single day.,High Stress,Mental Well-being,5,Negative,High
STU_2221,We are assigned new complex chapters right during midterms week with no extension.,Overload,Workload,4,Negative,High
STU_2186,We are assigned new complex chapters right during midterms week with no extension.,Overload,Workload,5,Negative,High
STU_2510,Severe burnout and depression are making it impossible to even get out of bed for class.,High Stress,Mental Well-being,5,Negative,High
STU_2016,I cannot understand why the grading took four weeks without any updates.,Frustration,Support,4,Negative,High
STU_2738,The academic dread is so intense that I cannot concentrate on anything anymore.,High Stress,Mental Well-being,4,Negative,High
STU_1852,"Teaching assistants took over a month to return our graded homework, leaving us blind for midterms.",Frustration,Support,4,Negative,High
STU_1885,The grading criteria for the term paper were extremely vague and subjective.,Frustration,Examination,3,Negative,Medium
STU_2461,We are assigned new complex chapters right during midterms week with no extension.,Overload,Workload,4,Negative,High
STU_2736,I am having severe anxiety and panic attacks because of the upcoming final exam.,High Stress,Mental Well-being,5,Negative,High
STU_2292,Five different assignments due on Sunday night while working part-time is completely unsustainable.,Overload,Workload,5,Negative,High
STU_1211,Office hours were incredibly helpful. The teaching assistants always took time to help us debug.,Positive,Support,1,Positive,Low
STU_1017,The grading rubric was transparent and fair for all midterm projects.,Positive,Examination,1,Positive,Low
STU_1684,Emails sent to the course instructor are routinely ignored for weeks.,Frustration,Support,3,Negative,Medium
STU_1105,Brilliant lectures! Professor always connects academic theories with real-world industry case studies.,Positive,Teaching,1,Positive,Low
STU_1803,"Teaching assistants took over a month to return our graded homework, leaving us blind for midterms.",Frustration,Support,5,Negative,High
STU_2708,I feel completely buried in tasks and hopeless about passing this course despite studying constantly.,High Stress,Mental Well-being,4,Negative,High
STU_2699,I haven't slept properly in two weeks and feel like breaking down crying every single day.,High Stress,Mental Well-being,4,Negative,High
STU_2167,Impossible expectations: coding an entire web app from scratch in 3 days with no starter code.,Overload,Workload,5,Negative,High
STU_1604,Discussion forums are moderated by graduate teaching assistants.,Neutral,Support,1,Neutral,Low
STU_1413,Lectures are recorded and uploaded to the student portal within 24 hours.,Neutral,Support,2,Neutral,Low
STU_1497,"The final grade consists of 40% assignments, 30% midterm, and 30% final exam.",Neutral,Examination,3,Neutral,Medium
STU_2199,We are assigned new complex chapters right during midterms week with no extension.,Overload,Workload,3,Negative,Medium
STU_1921,"Teaching assistants took over a month to return our graded homework, leaving us blind for midterms.",Frustration,Support,5,Negative,High
STU_2761,Severe burnout and depression are making it impossible to even get out of bed for class.,High Stress,Mental Well-being,5,Negative,High
STU_1041,I am not stressed at all because the professor provided excellent prep materials.,Positive,Teaching,1,Positive,Low
STU_1966,I cannot understand why the grading took four weeks without any updates.,Frustration,Support,5,Negative,High
STU_1994,"Teaching assistants took over a month to return our graded homework, leaving us blind for midterms.",Frustration,Support,4,Negative,High
STU_1912,We were tested on material that was never discussed in class or assigned in readings.,Frustration,Examination,5,Negative,High
STU_2439,Five different assignments due on Sunday night while working part-time is completely unsustainable.,Overload,Workload,4,Negative,High
STU_2514,The constant pressure and harsh grading have completely destroyed my mental health this term.,High Stress,Mental Well-being,5,Negative,High
STU_1313,I am not overwhelmed at all now that the TA helped clarify the project roadmap.,Positive,Support,1,Positive,Low
STU_2849,Severe burnout and depression are making it impossible to even get out of bed for class.,High Stress,Mental Well-being,4,Negative,High
STU_1341,Brilliant lectures! Professor always connects academic theories with real-world industry case studies.,Positive,Teaching,1,Positive,Low
STU_3023,Skipped the last three assignments because the mental hurdle of starting felt pointless.,Disengagement,Engagement,5,Negative,High
STU_1045,The campus study spaces and library resources made exam preparation much smoother.,Positive,Library/Resources,2,Positive,Low
STU_1865,Ill-defined instructions on the final project caused our entire group to lose points unfairly.,Frustration,Course Content,4,Negative,High
STU_1971,Confusing instructions on the final project caused our entire group to lose points unfairly.,Frustration,Course Content,4,Negative,High
STU_1304,Office hours were incredibly helpful. The teaching assistants always took time to help us debug.,Positive,Support,1,Positive,Low
STU_1950,"Teaching assistants took over a month to return our graded homework, leaving us blind for midterms.",Frustration,Support,4,Negative,High
STU_2577,I feel like an absolute failure who cannot keep up with anyone in this department.,High Stress,Mental Well-being,5,Negative,High
STU_1617,Lab sessions are held every Thursday afternoon for two hours.,Neutral,Lab Work,3,Neutral,Medium
STU_1177,The grading rubric was transparent and fair for all midterm projects.,Positive,Examination,1,Positive,Low
STU_2990,"Just going through the motions to get a passing grade, zero actual learning or interest.",Disengagement,Engagement,2,Negative,Low
STU_2104,The weekly reading workload exceeds 150 pages of dense academic papers on top of coding labs.,Overload,Workload,4,Negative,High
STU_2618,Severe burnout and depression are making it impossible to even get out of bed for class.,High Stress,Mental Well-being,4,Negative,High
STU_2758,I haven't slept properly in two weeks and feel like breaking down crying every single day.,High Stress,Mental Well-being,4,Negative,High
STU_2283,Impossible expectations: coding an entire web app from scratch in 3 days with no starter code.,Overload,Workload,5,Negative,High
STU_2725,Severe burnout and depression are making it impossible to even get out of bed for class.,High Stress,Mental Well-being,5,Negative,High
STU_1893,The faculty member reads monotone slides without ever looking up or answering chat questions.,Frustration,Teaching,5,Negative,High
STU_1496,Discussion forums are moderated by graduate teaching assistants.,Neutral,Support,2,Neutral,Low
STU_2331,Impossible expectations: coding an entire web app from scratch in 3 days with no starter code.,Overload,Workload,5,Negative,High
STU_1298,The campus study spaces and library resources made midterm preparation much smoother.,Positive,Library/Resources,1,Positive,Low
STU_2329,The weekly reading workload exceeds 150 pages of dense academic papers on top of coding labs.,Overload,Workload,5,Negative,High
STU_1986,"Teaching assistants took over a month to return our graded homework, leaving us blind for midterms.",Frustration,Support,3,Negative,Medium
STU_1429,The schedule for office hours was updated on the main dashboard.,Neutral,Support,2,Neutral,Low
STU_1055,Excellent balance between theoretical mathematics and practical engineering applications.,Positive,Course Content,3,Positive,Medium
STU_2760,The academic dread is so intense that I cannot concentrate on anything anymore.,High Stress,Mental Well-being,5,Negative,High
STU_1386,Excellent balance between theoretical mathematics and practical engineering applications.,Positive,Course Content,1,Positive,Low
STU_2426,The workload in this 3-credit course feels like a full-time 12-credit program.,Overload,Workload,5,Negative,High
STU_1033,Very engaging teaching style! Kept all students motivated even during morning lectures.,Positive,Teaching,1,Positive,Low
STU_2672,The academic dread is so intense that I cannot concentrate on anything anymore.,High Stress,Mental Well-being,4,Negative,High
STU_1230,Course materials and lecture slides are well structured and easy to follow.,Positive,Course Content,1,Positive,Low
STU_1391,"Feedback on homework was detailed and constructive, helping me improve each week.",Positive,Teaching,1,Positive,Low
STU_1029,Course materials and lecture slides are well structured and easy to follow.,Positive,Course Content,1,Positive,Low
STU_1277,Very engaging teaching style! Kept all students motivated even during morning lectures.,Positive,Teaching,1,Positive,Low
STU_1257,Group assignments encouraged great teamwork and problem-solving skills.,Positive,Course Content,3,Positive,Medium
STU_1180,I am not stressed at all because the professor provided excellent prep materials.,Positive,Teaching,1,Positive,Low
STU_1620,The course syllabus was distributed on the first day of class as scheduled.,Neutral,Course Content,2,Neutral,Low
STU_2648,I feel suffocated by academic deadlines; I don't know who to talk to and feel totally alone.,High Stress,Mental Well-being,5,Negative,High
STU_3024,Lectures are so boring and uninspired that everyone just browses their phones in silence.,Disengagement,Engagement,1,Negative,Low
STU_2383,Having three heavy project deadlines and two midterms in the exact same 48 hours is impossible.,Overload,Workload,4,Negative,High
STU_2414,The weekly reading workload exceeds 150 pages of dense academic papers on top of coding labs.,Overload,Workload,3,Negative,Medium
STU_2973,Nobody in our study group cares anymore; we have all checked out mentally.,Disengagement,Engagement,3,Negative,Medium
STU_3030,Lectures are so boring and uninspired that everyone just browses their phones in silence.,Disengagement,Engagement,1,Negative,Low
STU_2415,Continuous back-to-back assignments leave zero breathing room for revision or proper understanding.,Overload,Workload,3,Negative,Medium
STU_1739,There is no practice exam provided despite repeated requests from students.,Frustration,Examination,3,Negative,Medium
STU_2264,The workload in this 3-credit course feels like a full-time 12-credit program.,Overload,Workload,5,Negative,High
STU_2995,I don't even bother opening the textbook anymore because the module feels so irrelevant.,Disengagement,Engagement,3,Negative,Medium
STU_2666,I feel like an absolute failure who cannot keep up with anyone in this department.,High Stress,Mental Well-being,5,Negative,High
STU_2267,Continuous back-to-back assignments leave zero breathing room for revision or proper understanding.,Overload,Workload,5,Negative,High
STU_1621,Reference materials are available in the university library reserve section.,Neutral,Library/Resources,2,Neutral,Low
STU_1997,The professor reads monotone slides without ever looking up or answering chat questions.,Frustration,Teaching,5,Negative,High
STU_2487,I am experiencing chest tightness and insomnia every time I think about my GPA.,High Stress,Mental Well-being,5,Negative,High
STU_2233,Too many mandatory group meetings and simultaneous milestone submissions this month.,Overload,Workload,5,Negative,High
STU_2525,I feel suffocated by academic deadlines; I don't know who to talk to and feel totally alone.,High Stress,Mental Well-being,5,Negative,High
STU_2978,I gave up trying to understand the proofs weeks ago; there is no support available.,Disengagement,Engagement,3,Negative,Medium
STU_2348,We are assigned new complex chapters right during midterms week with no extension.,Overload,Workload,3,Negative,Medium
STU_2780,I haven't slept properly in two weeks and feel like breaking down crying every single day.,High Stress,Mental Well-being,5,Negative,High
STU_1830,Office hour queues are two hours long and TA runs out of time before seeing half the students.,Frustration,Support,5,Negative,High
STU_2417,Continuous back-to-back assignments leave zero breathing room for revision or proper understanding.,Overload,Workload,4,Negative,High
STU_1943,There is no practice exam provided despite repeated requests from students.,Frustration,Examination,3,Negative,Medium
STU_1978,Students are not happy with the sudden change in exam format.,Frustration,Examination,4,Negative,High
STU_2344,Too many mandatory group meetings and simultaneous milestone submissions this month.,Overload,Workload,3,Negative,Medium
STU_1352,Office hours were incredibly helpful. The teaching assistants always took time to help us debug.,Positive,Support,2,Positive,Low
STU_1028,I am not overwhelmed at all now that the TA helped clarify the project roadmap.,Positive,Support,1,Positive,Low
STU_1239,"Loved the practical coding assignments, they gave me confidence for upcoming software internships.",Positive,Course Content,1,Positive,Low
STU_1809,"Teaching assistants took over a month to return our graded homework, leaving us blind for midterms.",Frustration,Support,5,Negative,High
STU_1012,The professor is very approachable and responds to student emails within hours.,Positive,Support,1,Positive,Low
STU_1037,The professor is extremely approachable and responds to student emails within hours.,Positive,Support,1,Positive,Low
STU_2095,Five different assignments due on Sunday night while working part-time is completely unsustainable.,Overload,Workload,5,Negative,High
STU_1889,The professor reads monotone slides without ever looking up or answering chat questions.,Frustration,Teaching,5,Negative,High
STU_1218,Brilliant lectures! Professor always connects academic theories with real-world industry case studies.,Positive,Teaching,2,Positive,Low
STU_2380,Five different assignments due on Sunday night while working part-time is completely unsustainable.,Overload,Workload,4,Negative,High
STU_2786,The academic dread is so intense that I cannot concentrate on anything anymore.,High Stress,Mental Well-being,5,Negative,High
STU_1532,Discussion forums are moderated by graduate teaching assistants.,Neutral,Support,2,Neutral,Low
STU_2238,Too many mandatory group meetings and simultaneous milestone submissions this month.,Overload,Workload,4,Negative,High
STU_3012,Nobody in our study group cares anymore; we have all checked out mentally.,Disengagement,Engagement,3,Negative,Medium
STU_2530,I haven't slept properly in two weeks and feel like breaking down crying every single day.,High Stress,Mental Well-being,5,Negative,High
STU_1161,Very engaging teaching style! Kept all students motivated even during morning lectures.,Positive,Teaching,2,Positive,Low
STU_1380,I do not feel stressed anymore thanks to the clear explanations in class.,Positive,Teaching,1,Positive,Low
STU_1433,The class prerequisite list includes calculus and introductory programming.,Neutral,Course Content,2,Neutral,Low
STU_1384,Office hours were incredibly helpful. The teaching assistants always took time to help us debug.,Positive,Support,1,Positive,Low
STU_2659,I am having severe anxiety and panic attacks because of the upcoming final exam.,High Stress,Mental Well-being,5,Negative,High
STU_2785,Severe burnout and depression are making it impossible to even get out of bed for class.,High Stress,Mental Well-being,5,Negative,High
STU_2881,"Just going through the motions to get a passing grade, zero actual learning or interest.",Disengagement,Engagement,1,Negative,Low
STU_2980,I gave up trying to understand the proofs weeks ago; there is no support available.,Disengagement,Engagement,4,Negative,High
STU_1700,I am definitely not happy with the way this midterm was graded.,Frustration,Examination,4,Negative,High
STU_1543,The midterm exam covered chapters 1 through 5 of the textbook.,Neutral,Examination,3,Neutral,Medium
STU_2655,Severe burnout and depression are making it impossible to even get out of bed for class.,High Stress,Mental Well-being,5,Negative,High
STU_2278,Continuous back-to-back assignments leave zero breathing room for revision or proper understanding.,Overload,Workload,4,Negative,High
STU_2843,I am having severe anxiety and panic attacks because of the upcoming final exam.,High Stress,Mental Well-being,5,Negative,High
STU_2864,I feel like an absolute failure who cannot keep up with anyone in this department.,High Stress,Mental Well-being,4,Negative,High
STU_2286,We are assigned new complex chapters right during midterms week with no extension.,Overload,Workload,4,Negative,High
STU_2220,Five different assignments due on Sunday night while working part-time is completely unsustainable.,Overload,Workload,4,Negative,High
STU_2705,The academic dread is so intense that I cannot concentrate on anything anymore.,High Stress,Mental Well-being,4,Negative,High
STU_1342,I really enjoyed the hands-on lab sessions this semester; they made theoretical concepts easy to grasp.,Positive,Lab Work,1,Positive,Low
STU_1186,The textbook recommendations and supplementary reading lists were top-notch.,Positive,Library/Resources,1,Positive,Low
STU_2610,The academic dread is so intense that I cannot concentrate on anything anymore.,High Stress,Mental Well-being,5,Negative,High
STU_1747,The grading criteria for the term paper were immensely vague and subjective.,Frustration,Examination,4,Negative,High
STU_1736,There is no practice exam provided despite repeated requests from students.,Frustration,Examination,3,Negative,Medium
STU_2896,I gave up trying to understand the proofs weeks ago; there is no support available.,Disengagement,Engagement,3,Negative,Medium
STU_1467,Weekly attendance is tracked using the digital portal at the start of class.,Neutral,Teaching,1,Neutral,Low
STU_1067,I am not overwhelmed at all now that the TA helped clarify the project roadmap.,Positive,Support,1,Positive,Low
STU_1335,The grading rubric was transparent and fair for all midterm projects.,Positive,Examination,1,Positive,Low
STU_2044,Students are not happy with the sudden change in exam format.,Frustration,Examination,3,Negative,Medium
STU_2456,Each problem set takes over 25 hours to complete; there is no time left for other courses.,Overload,Workload,5,Negative,High
STU_2038,Confusing instructions on the final project caused our entire group to lose points unfairly.,Frustration,Course Content,5,Negative,High
STU_2904,I gave up trying to understand the proofs weeks ago; there is no support available.,Disengagement,Engagement,3,Negative,Medium
STU_1388,Group assignments encouraged great teamwork and problem-solving skills.,Positive,Course Content,2,Positive,Low
STU_2692,Severe burnout and depression are making it impossible to even get out of bed for class.,High Stress,Mental Well-being,4,Negative,High
STU_2741,The constant pressure and harsh grading have completely destroyed my mental health this term.,High Stress,Mental Well-being,5,Negative,High
STU_1441,The module prerequisite list includes calculus and introductory programming.,Neutral,Course Content,2,Neutral,Low
STU_1185,Very engaging teaching style! Kept all students motivated even during morning lectures.,Positive,Teaching,1,Positive,Low
STU_1314,I really enjoyed the hands-on lab sessions this semester; they made theoretical concepts easy to grasp.,Positive,Lab Work,2,Positive,Low
STU_1196,I am not stressed at all because the teacher provided excellent prep materials.,Positive,Teaching,1,Positive,Low
STU_2211,Five different assignments due on Sunday night while working part-time is completely unsustainable.,Overload,Workload,5,Negative,High
STU_2752,I haven't slept properly in two weeks and feel like breaking down crying every single day.,High Stress,Mental Well-being,5,Negative,High
STU_2019,The professor reads monotone slides without ever looking up or answering chat questions.,Frustration,Teaching,3,Negative,Medium
STU_3079,"Just going through the motions to get a passing grade, zero actual learning or interest.",Disengagement,Engagement,2,Negative,Low
STU_1524,The midterm exam covered chapters 1 through 5 of the textbook.,Neutral,Examination,3,Neutral,Medium
STU_1609,The course syllabus was distributed on the first day of class as scheduled.,Neutral,Course Content,2,Neutral,Low
STU_2231,We are assigned new complex chapters right during midterms week with no extension.,Overload,Workload,4,Negative,High
STU_2957,I gave up trying to understand the proofs weeks ago; there is no support available.,Disengagement,Engagement,4,Negative,High
STU_1325,The professor is extremely approachable and responds to student emails within hours.,Positive,Support,2,Positive,Low
STU_2792,The academic dread is so intense that I cannot concentrate on anything anymore.,High Stress,Mental Well-being,5,Negative,High
STU_2918,Nobody in our study group cares anymore; we have all checked out mentally.,Disengagement,Engagement,4,Negative,High
STU_2191,Five different assignments due on Sunday night while working part-time is completely unsustainable.,Overload,Workload,4,Negative,High
STU_1344,The campus study spaces and library resources made quiz preparation much smoother.,Positive,Library/Resources,1,Positive,Low
STU_3029,I have completely lost motivation and stopped attending lectures because nothing makes sense.,Disengagement,Engagement,3,Negative,Medium
STU_1636,"The final grade consists of 40% assignments, 30% midterm, and 30% final exam.",Neutral,Examination,3,Neutral,Medium
STU_1919,The online submission portal crashed right before the assignment deadline.,Frustration,Support,4,Negative,High
STU_2899,Nobody in our study group cares anymore; we have all checked out mentally.,Disengagement,Engagement,3,Negative,Medium
STU_2400,Five different assignments due on Sunday night while working part-time is completely unsustainable.,Overload,Workload,5,Negative,High
STU_1166,I do not feel stressed anymore thanks to the clear explanations in class.,Positive,Teaching,1,Positive,Low
STU_1381,The grading rubric was transparent and fair for all midterm projects.,Positive,Examination,1,Positive,Low
STU_2745,The constant pressure and harsh grading have completely destroyed my mental health this term.,High Stress,Mental Well-being,5,Negative,High
STU_2779,The constant pressure and harsh grading have completely destroyed my mental health this term.,High Stress,Mental Well-being,5,Negative,High
STU_1764,"Teaching assistants took over a month to return our graded homework, leaving us blind for midterms.",Frustration,Support,4,Negative,High
STU_2509,I haven't slept properly in two weeks and feel like breaking down crying every single day.,High Stress,Mental Well-being,5,Negative,High
STU_2731,Severe burnout and depression are making it impossible to even get out of bed for class.,High Stress,Mental Well-being,5,Negative,High
STU_1370,Office hours were incredibly helpful. The teaching assistants always took time to help us debug.,Positive,Support,1,Positive,Low
STU_2733,I am having severe anxiety and panic attacks because of the upcoming final exam.,High Stress,Mental Well-being,5,Negative,High
STU_2100,Continuous back-to-back assignments leave zero breathing room for revision or proper understanding.,Overload,Workload,5,Negative,High
